old,new
Алтайский крайБарнаулРоссия,Барнаул
Алтайский крайАлтайскоеРоссия,Алтай
Алтайский крайКалманкаРоссия,Алтай
Алтайский крайСростыРоссия,Алтай
Алтайский крайНовоалтайскРоссия,Новоалтайск
Алтайский крайТопчихаРоссия,Алтай
Алтайский крайБийскРоссия,Бийск
Алтайский крайНовые ЗориРоссия,Алтай
Восточно-Казахстанская облШемонаихаКазахстан,Казахстан
Алтайский крайКлючиРоссия,Алтай
Жалал-Абадская облЖалал-АбадКыргызстан,Кыргызстан
Алтайский крайУтянкаРоссия,Алтай
Алтайский крайБелокурихаРоссия,Алтай
Алтайский крайЗаринскРоссия,Заринск
Алтайский крайСлавгородРоссия,Славгород
Алтайский крайЧеремноеРоссия,Алтай
Павлодарская облЖелезинкаКазахстан,Казахстан
Алтайский крайКамень-на-ОбиРоссия,Камень-на-Оби
Алтай РеспУсть-КоксаРоссия,Республика
Алтайский крайТальменкаРоссия,Алтай
Алтайский крайВерх-КажаРоссия,Алтай
Восточно-Казахстанская областьУсть-Каменогорск...,Казахстан
Алтайский крайМихайловскоеРоссия,Алтай
Гуандун пров.ЦзеянКитай,Китай
Алтайский крайЯровоеРоссия,Алтай
Алтайский крайСреднесибирскийРоссия,Алтай
Алтайский крайМалиновскийРоссия,Алтай
Алтайский крайМалиновое ОзероРоссия,Алтай
Алтайский крайЧеремшанкаРоссия,Алтай
Алтайский крайНоворомановоРоссия,Алтай
Алтайский крайРакитыРоссия,Алтай
Восточно-Казахстанская облРиддерКазахстан,Казахстан
Алтай РеспКош-АгачРоссия,Республика
Алтайский крайГорнякРоссия,Алтай
провинция ЛяонинШэньянКитай,Китай
Алтайский крайСибирскийРоссия,Алтай
пр.ХэйлунцзянХарбинКитай,Китай
Алтайский крайСтароалейскоеРоссия,Алтай
Алтайский крайРомановоРоссия,Алтай
Алтайский крайРубцовскРоссия,Рубцовск
Алтайский крайЗалесовоРоссия,Алтай
Алтайский крайТроицкРоссия,Алтай
Алтайский крайНиколаевкаРоссия,Алтай
Республика АлтайКызыл-ОзекРоссия,Республика
Алтайский крайЛенькиРоссия,Алтай
Алтайский крайПервомайскоеРоссия,Алтай
Алтайский крайПокровкаРоссия,Алтай
"Алтайский крайБарнаул, Казенная заимкаРоссия",Барнаул
Восточно-Казахстанская облНовопокровкаКазахстан,Казахстан
Алтайский крайМалоенисейскоеРоссия,Алтай
Алтайский крайСмоленскоеРоссия,Алтай
Восточно-Казахстанская облЖезкентКазахстан,Казахстан
"Алтайский крайБарнаул, ЯгодноеРоссия",Барнаул
Алтайский крайКулундаРоссия,Алтай
Алтайский крайТроицкоеРоссия,Алтай
Восточно-Казахстанская областьСеребрянскКазахстан,Казахстан
Алтайский крайАлейскРоссия,Алейск
Алтайский крайсБыстрый ИстокРоссия,Алтай
Алтайский крайНенинкаРоссия,Алтай
Хатлонская облМехнатабадТаджикистан,Таджикистан
Алтайский крайНовоегорьевскоеРоссия,Алтай
Алтайский крайФунтикиРоссия,Алтай
Алайский крайБарнаулРоссия,Барнаул
Алтайский крайРебрихаРоссия,Алтай
Алтайский крайКосихаРоссия,Алтай
Республика АлтайГорно-АлтайскРоссия,Горно-Алтайск
Алтайский крайСтепное ОзероРоссия,Алтай
Республика АлтайДмитриевкаРоссия,Республика
Алтай РеспЭликмонарРоссия,Республика
"Алтайский крайБарнаул, НовомихайловкаРоссия",Барнаул
Алтайский крайКраснощековоРоссия,Алтай
Восточно-Казахстанская облУсть-КаменогорскКаза...,Казахстан
Алтайский крайБерезовкаРоссия,Алтай
Алтайский крайКонтошиноРоссия,Алтай
Алматинская облТалдыкурганКазахстан,Казахстан
Алтайский крайШипуново-2Россия,Алтай
Алтайский крайПавловскРоссия,Алтай
Алтайский крайСанниковоРоссия,Барнаул
Алтайский крайЗональноеРоссия,Алтай
Алтайский крайСтарая ТарабаРоссия,Алтай
"Алтайский крайБарнаул, ЛебяжьеРоссия",Барнаул
Алтайский крайШелаболихаРоссия,Алтай
Алтайский крайГордеевскийРоссия,Алтай
Алтай РеспМухор-ТархатаРоссия,Республика
Восточно-Казахстанская облСемейКазахстан,Казахстан
Алтайский крайБуланихаРоссия,Алтай
Южно-Казахстанская областьШымкентКазахстан,Казахстан
Хатлонская обл.ТугаракТаджикистан,Таджикистан
Алтайский крайЗудиловоРоссия,Алтай
Алтайский крайМалые БутыркиРоссия,Алтай
Алтайский крайНовомихайловкаРоссия,Барнаул
Алтайский крайНовоалексеевкаРоссия,Алтай
Алтайский крайХабарыРоссия,Алтай
Алтайский крайКрасногорскоеРоссия,Алтай
Алтайский крайКрутихаРоссия,Алтай
Алтайский крайНалобихаРоссия,Алтай
Алтайский крайБыстрый ИстокРоссия,Алтай
Республика АлтайМаймаРоссия,Республика
Алтайский крайНовая ЧемровкаРоссия,Алтай
Алтайский крайЗаречныйРоссия,Алтай
Алтайский крайЧарышскоеРоссия,Алтай
Алтай РеспТашантаРоссия,Республика
Алтайский крайгБийскРоссия,Бийск
Алтайский крайКатунскоеРоссия,Алтай
Алтайский крайКомсомольскийРоссия,Алтай
Алтайский крайНовосельскоеРоссия,Алтай
Ленинградская облСанкт-ПетербургРоссия,РФ
Алтайский крайУсть-Чарышская ПристаньРоссия,Алтай
Алтайский крайГлушинкаРоссия,Алтай
Алтайский крайСитниковоРоссия,Алтай
Республика АлтайШебалиноРоссия,Республика
Алтайский крайМаралихаРоссия,Алтай
Алтайский крайКировскийРоссия,Алтай
Алтайский крайАлтайРоссия,Алтай
Алтайский крайМамонтовоРоссия,Алтай
Акмолинская облБарнаулРоссия,Барнаул
Алтайский крайЧистюнькаРоссия,Алтай
Кемеровская облНовокузнецкРоссия,Алтай
Алтайский крайРодиноРоссия,Алтай
провинция СиньцзянУрумчиКитай,Китай
Алтай РеспЧемалРоссия,Республика
Алтайский крайКалмыцкие МысыРоссия,Алтай
Алтайский крайКрутишкаРоссия,Алтай
Свердловская облБалакиноРоссия,РФ
Алтайский крайСлавгородскоеРоссия,Славгород
Павлодарская облУспенкаКазахстан,Казахстан
Алтайский крайПетухиРоссия,Алтай
Республика АлтайБарнаулРоссия,Барнаул
Алтайский крайКорболихаРоссия,Алтай
Алтайский крайОзеркитРоссия,Алтай
Алтай РеспШебалиноРоссия,Республика
В-Казахстанская облУсть-КаменогорскКазахстан,Казахстан
Алтайский крайЗимариРоссия,Алтай
Краснодарский крайКропоткинРоссия,РФ
Алтайский крайХлеборобноеРоссия,Алтай
Алматинская областьТалдыкорганКазахстан,Казахстан
Алтайский крайСаввушкаРоссия,Алтай
Республика АлтайКош-АгачРоссия,Республика
Алтайский крайТюменцевоРоссия,Алтай
Алтайский крайЗайцевоРоссия,Алтай
"Алтайский крайСлавгород, ЗнаменкаРоссия",Славгород
Алтайский крайБарнаулТаджикистан,Таджикистан
Жалал-АбадскаяМайлуу-СууКыргызстан,Кыргызстан
В-Казахстанская обл.СемейКазахстан,Казахстан
Алтайский крайОсколковоРоссия,Алтай
Алтайский крайБоровихаРоссия,Алтай
Алтайский крайВылковоРоссия,Алтай
В-Казахстанская облУсть-ТаловкаКазахстан,Казахстан
Алтайский крайКомарскоеРоссия,Алтай
Алтайский крайКолыванскоеРоссия,Алтай
Восточно-Казахстанская облУсть-ТаловкаКазахстан,Казахстан
Алтайский крайКазахстанРоссия,Казахстан
Алтайский крайРебрихатРоссия,Алтай
Алтайский крайНовичихаРоссия,Алтай
Новосибирская областьИскраРоссия,РФ
Чеченская респСерноводскРоссия,РФ
Алтайский крайЕльцовкаРоссия,Алтай
Алтайский крайДогланкаРоссия,Алтай
Республика ТываЧаданРоссия,РФ
Алтайский крайГилевкаРоссия,Алтай
Тыва РеспКызылРоссия,РФ
Кемеровская облЮргаРоссия,РФ
Алтайский крайБлаговещенкаРоссия,Алтай
СычуаньДачжоуКитай,Китай
"Алтайский крайБарнаул, ОпытнаятРоссия",Барнаул
Алтайский крайСеменовкаРоссия,Алтай
Алтайский крайБаранулРоссия,Барнаул
ВКОУсть-КаменогорскКазахстан,Казахстан
Алтай РеспсКош-АгачРоссия,Республика
Алтайский крайПоломошноеРоссия,Алтай
Алайский крайБобровкаРоссия,Алтай
Кемеровская облПрокопьевскРоссия,РФ
Алтайский крайДубровиноРоссия,Алтай
"Алтайский крайБарнаул, ЯгодныйРоссия",Барнаул
Сахалинская областьЧеховРоссия,РФ
Алтайский крайХаритоновоРоссия,Алтай
Алтайский крайТравноеРоссия,Алтай
Алтайский крайКасмалинкаРоссия,Алтай
Алтайский крайКытмановоРоссия,Алтай
В-Казахстанская облБыструхаКазахстан,Казахстан
Хатлонская обл.Курган-ТюбеТаджикистан,Таджикистан
Алтай РеспОнгудайРоссия,Республика
Алтай РеспЧибитРоссия,Республика
Алтайский крайКуяганРоссия,Алтай
Алтайский крайШипуновоРоссия,Алтай
Алтайский крайКаркавиноРоссия,Алтай
Алтайский крайЗаветы ИльичаРоссия,Алтай
Республика АлтайУлаганРоссия,Республика
Алтайский крайЗавьяловоРоссия,Алтай
Алтайский крайОтрадноеРоссия,Алтай
Новосибирская облНовосибирскРоссия,РФ
Алтайский крайКамышенкаРоссия,Алтай
Алтайский крайСеливерстовоРоссия,Алтай
Алтайский крайБурлаРоссия,Алтай
Алтай РеспГорно-АлтайскРоссия,Горно-Алтайск
Алтайский крайУсть-ИшаРоссия,Алтай
Алтайский крайБарнаул ЮжныйРоссия,Барнаул
Алтайский крайУгловскоеРоссия,Алтай
Алтайский крайДегтяркаРоссия,Алтай
пров. ХэнаньЛохэКитай,Китай
Алтайский крайБобровкаРоссия,Алтай
Республика АлтайАртыбашРоссия,Республика
Алтайский крайЖилиноРоссия,Алтай
провинция ХайнаньВэнчанКитай,Китай
Алтайский крайЛуговоеРоссия,Алтай
Алтайский крайХарловоРоссия,Алтай
Курганская областьКатайскРоссия,РФ
Алтайский крайНовоперуновоРоссия,Алтай
Алтайский крайС ЗавьяловоРоссия,Алтай
Республика АлтайКарагайРоссия,Республика
Алтаский крайЛуговоеРоссия,Алтай
Алтайский крайГляденьРоссия,Алтай
Иссык-КульскаясЛипенкаКыргызстан,Кыргызстан
Алтайский крайЛесноеРоссия,Алтай
В-КАЗАХСТАНСКАЯ ОБЛАСТЬСемейКазахстан,Казахстан
Кемеровская областьНовокузнецкРоссия,РФ
Восточно-Казахстанская облШемонаихаРоссия,Казахстан
Алтай РеспсКараколРоссия,Республика
Республика КрымСимферопольРоссия,РФ
Алтайский крайПодсосново улРоссия,Алтай
Алтайский крайПустыньРоссия,Алтай
Алтайский крайСаратовкаРоссия,Алтай
Алтайский крайПолуямкиРоссия,Алтай
Алтайский крайпоПреградинкаРоссия,Алтай
Карагандинская облАбайКазахстан,Казахстан
Кемеровская областьБерезовскийРоссия,РФ
Алтайский крайПетропавловскоеРоссия,Алтай
Республика Саха /Якутия/АйхалРоссия,РФ
Кемеровская областьПолысаевоРоссия,РФ
Алтайский крайУсть-ЧагыркаРоссия,Алтай
Восточно-Казахстанская областьВерх-БерезовкаКа...,Казахстан
Восточно-Казахстанская облШемонаиха РассыпноеК...,Казахстан
Алтайский крайгород БарнаулРоссия,Барнаул
Ханты-Мансийский Автономный округ - Югра АОУра...,РФ
Алтайский крайСолтонРоссия,Алтай
Алтайский крайСолонешноеРоссия,Алтай
Павлодарская облПавлодарКазахстан,Казахстан
Хакасия РеспСаяногорскРоссия,РФ
Алтайский крайЦелинноеРоссия,Алтай
Алтайский крайВолчихаРоссия,Алтай
Алтай РеспТурочакРоссия,Республика
Алтайский крайСосновкаРоссия,Алтай
Новосибирская облЧерепановоРоссия,РФ
Алтайский крайПоспелихаРоссия,Алтай
Хэйлунцзян провинцияЖаохэКитай,Китай
Алтайский крайКузнецовоРоссия,Алтай
Алтайский крайЕлуниноРоссия,Алтай
Алтайский крайБоровскоеРоссия,Алтай
Алтайский крайБочкариРоссия,Алтай
Павлодарская областьПавлодарКазахстан,Казахстан
Алтайский крайСычевкаРоссия,Алтай
Алтайский крайСибирские ОгниРоссия,Алтай
Алтайский крайНижнекаменкаРоссия,Алтай
Алтайский крайСавинкаРоссия,Алтай
Омская облЛукьяновкаРоссия,РФ
Алтайский крайпосУсть-КатуньРоссия,Алтай
Республика АлтайОзерноеРоссия,Республика
Алтайский крайУсть-КалманкаРоссия,Алтай
Республика АлтайКаракокшаРоссия,Республика
В-Казахстанская облНовопокровкаКазахстан,Казахстан
Хабаровский крайКомсомольск-на-АмуреРоссия,РФ
Томская областьКривошеиноРоссия,РФ
Алтай РеспМанжерокРоссия,Республика
Алтайский крайНовошипуновоРоссия,Алтай
Алтайский крайЕлбанкаРоссия,Алтай
Алтай РеспБарнаулРоссия,Барнаул
Алтайский крайСтуковоРоссия,Алтай
В-Казахстанская обл.ДмитриевкаКазахстан,Казахстан
Алтайский крайВласиха БарнаулРоссия,Барнаул
Алтайский крайКуликовоРоссия,Алтай
"Алтайский крайБарнаул, АвиаторРоссия",Барнаул
Алтай РеспУсть-МутаРоссия,Республика
Краснодарский крайст-ца ТемнолесскаяРоссия,РФ
"Алтайский крайБарнаул, БельмесевоРоссия",Барнаул
Республика АлтайТурочакРоссия,Республика
Алтайский крайАнисимовоРоссия,Алтай
Алтайский крайСело ШипуновоРоссия,Алтай
Восточно-Казахстанская облОктябрьскийКазахстан,Казахстан
"Алтайский крайБарнаул, МохнатушкаРоссия",Барнаул
Алтайский крайМайскийРоссия,Алтай
Кемеровская облМеждуреченскРоссия,РФ
Красноярский крайНорильскРоссия,РФ
Восточно-Казахстанская облПрапорщиковоКазахстан,Казахстан
Саха /Якутия/ РеспМирныйРоссия,РФ
пров. Хэнаньгор ОкруЧжоукоуКитай,Китай
Алтайский крайСанкт-ПетербургРоссия,РФ
Алтайский крайОзеркиРоссия,Алтай
Павлодарская обл.ПавлодарКазахстан,Казахстан
Баткенская облКадамжайКыргызстан,Кыргызстан
Алтайский крайТабуныРоссия,Алтай
Ямало-Ненецкий АОГоркиРоссия,РФ
Алтайский крайСтародрачениноРоссия,Алтай
Алтайский крайНовоеловкаРоссия,Алтай
Восточно-Казахстанская обл.СемейКазахстан,Казахстан
Алтайский край БарнаулРоссия,Барнаул
Алтайский крайПавловкаРоссия,Алтай
Алтайский крайСовхозныйРоссия,Алтай
Алтайский крайБурановоРоссия,Алтай
алтайский крайгНовоалтайскРоссия,Новоалтайск
Республика ТываЭэрбекРоссия,РФ
В-Казахстанская обл.РиддерКазахстан,Казахстан
Алтайский крайКокорскийРоссия,Алтай
Алтайский крайБажевоРоссия,Алтай
"Алтайский крайБарнаул, ВласихаРоссия",Барнаул
Алтайский крайКонстантиновкаРоссия,Алтай
Алтайский крайБоровойРоссия,Алтай
Алтайский крайЛебединоРоссия,Алтай
Цзянси пров.СаньяКитай,Китай
Восточно-Казахстанская облЗыряновскКазахстан,Казахстан
Алтайский крайНовомоношкиноРоссия,Алтай
Джалал-Абадская областьЖалал-АбадКыргызстан,Кыргызстан
Алтайский крайЛебяжьеРоссия,Барнаул
Республика АлтайЧояРоссия,Республика
Алтайский крайСоветскоеРоссия,Алтай
Алтайский крайШубенкаРоссия,Алтай
В-Казахстанская облКурчатовКазахстан,Казахстан
Алтайский крайНовыйРоссия,Алтай
Алтайский крайСентелекРоссия,Алтай
Алтай РеспУлаганРоссия,Республика
Алтайский крайПротасовоРоссия,Алтай
Алтайский крайУрываевотРоссия,Алтай
Хубэй провинцияЦзинчжоуКитай,Китай
Республика АлтайПаспаулРоссия,Республика
Алтайский крайВерх-КатунскоеРоссия,Алтай
Алтайский крайЗаводскойРоссия,Алтай
Восточно-Казахстанская областьЗыряновскКазахстан,Казахстан
Алтай РеспУрлу-АспакРоссия,Республика
Алтайский крайТишинкаРоссия,Алтай
Новосибирская областьНовосибирскРоссия,РФ
В-Казахстанская обл.ЗыряновскКазахстан,Казахстан
Нарына Жаны-КучРоссия,Кыргызстан
Алтайский крайБезрукавкаРоссия,Алтай
Республика АлтайВерх-УймонРоссия,Республика
Алтайский крайКарасукРоссия,Алтай
Алтай РеспКаракокшаРоссия,Республика
Алтайский крайКрасный ярРоссия,Алтай
Алтайский крайНовоалександровкаРоссия,Алтай
Алтайский крайБаевоРоссия,Алтай
Алтайский крайСорочий лосРоссия,Алтай
Алтай РеспКатандаРоссия,Республика
Восточно-Казахстанская облСемейРоссия,Казахстан
Алтайский крайАсямовкаРоссия,Алтай
Алтайский крайПравдаРоссия,Алтай
В-Казахстанская облКоневкиКазахстан,Казахстан
Тыва РеспКунгуртусРоссия,РФ
Алтайский крайВерх-АллакРоссия,Алтай
Алтайский крайСмазневотРоссия,Алтай
Восточно-Казахстанская облПавлодарКазахстан,Казахстан
Алтайский крайАнтоньевкаРоссия,Алтай
"Алтайский крайКамень-на-Оби, ПлотиннаятРоссия",Камень-на-Оби
Алтайский крайМельниковкаРоссия,Алтай
Хатлонская облБарнаулТаджикистан,Таджикистан
Восточно-Казахстанская облГлубокоеКазахстан,Казахстан
Алтайский крайЗеленая ПолянаРоссия,Алтай
Алтайский крайГеоргиевкаРоссия,Алтай
Алтайский крайВоскресенкаРоссия,Алтай
Красноярский крайБарнаулРоссия,Барнаул
Алтайский крайсКытмановоРоссия,Алтай
республика АлтайУлаганРоссия,Республика
Алтай РеспБалыктуюльРоссия,Республика
Алтайский крайКомарихаРоссия,Алтай
Сычуань провинцияМяньянородской округКитай,Китай
Алтайский крайАлексеевкаРоссия,Алтай
Кемеровская облБеловоРоссия,РФ
Самарская областьСамараРоссия,РФ
Восточно-Казахстанская областьКамышенкаКазахстан,Казахстан
Алтайский край12 лет ОктябряРоссия,Алтай
Алтайский крайСибирские огниРоссия,Алтай
Алтайский крайСоусканихаРоссия,Алтай
Новосибирская областьКольцовоРоссия,РФ
Волгоградская облПрогрессРоссия,РФ
Алтайский крайПанкрушихаРоссия,Алтай
Алтайский крайБольшеугреневоРоссия,Алтай
Алтайский крайНовоильинкаРоссия,Алтай
Алтайский крайЗаречноеРоссия,Алтай
Томская областьТомскРоссия,РФ
Алтайский крайАяРоссия,Алтай
Алтайский крайНовообинцевоРоссия,Алтай
Красноярский крайКрасноярскРоссия,РФ
Алтайский крайТундрихаРоссия,Алтай
Алтайский крайМихайловкаРоссия,Алтай
Восточно-Казахстанская областьСемейКазахстан,Казахстан
Алтайский крайБоровлянкаРоссия,Алтай
Ганьсу провинцияЧжанъеКитай,Китай
Алтайский крайМасальскийРоссия,Алтай
Алтайский крайСидоровкаРоссия,Алтай
Респ Саха (Якутия)ЭльдиканРоссия,РФ
Алтайский крайТолстовскийРоссия,Алтай
Алтай РеспсКырлыкРоссия,Республика
Алтайский крайСвекловичныйРоссия,Алтай
Алтайский крайШалапРоссия,Алтай
Алтайский крайАндроновоРоссия,Алтай
Алтайский крайСолнечныйРоссия,Алтай
Алтайский крайСтепной КучукРоссия,Алтай
Акмолинская обл.ЕрейментауКазахстан,Казахстан
"Алтайский крайБарнаул, ЮжныйРоссия",Барнаул
Новосибирская облСпириноРоссия,РФ
Хэнань провинцияНаньянКитай,Китай
Алтайский крайНовый ЧарышРоссия,Алтай
Алтайский крайНоводрачениноРоссия,Алтай
Восточно-Казастанская обл.СемейКазахстан,Казахстан
Алтайский крайГилев-ЛосРоссия,Алтай
Алтайский крайТочильноеРоссия,Алтай
ГуандунЦзеянКитай,Китай
Алтайский крайБуканскоеРоссия,Алтай
Алтайский крайФирсовоРоссия,Барнаул
Алтайский крайЗаковряшиноРоссия,Алтай
Алтайский крайайБийскРоссия,Бийск
Алтайский крайЗмеиногорскРоссия,Алтай
Алтайский крайБезголосовоРоссия,Алтай
Алтайский крайЛеснойРоссия,Барнаул
Алтайский крайНижнечуманкаРоссия,Алтай
Алматинская облТалгарКазахстан,Казахстан
Алтайский крайБольшеромановкаРоссия,Алтай
Алтайский крайСолнечноеРоссия,Алтай
Алтайский крайАллакРоссия,Алтай
Алтайский крайВяткиноРоссия,Алтай
ГуандунГуанчжоуКитай,Китай
Алтайский крайайБелокурихаРоссия,Алтай
Восточно-Казахстанская облКурчатовКазахстан,Казахстан
Алтайский крайКичекРоссия,Алтай
Алтайский крайСорочий ЛосРоссия,Алтай
Алтайский крайШумановкаРоссия,Алтай
провинция СычуаньГуанханьКитай,Китай
Алтайский крайШарчиноРоссия,Алтай
Алтайский крайКусакРоссия,Алтай
Алтайский крайПобедимРоссия,Алтай
Алтайский крайТогулРоссия,Алтай
Хэнань провинцияЧжоукоуКитай,Китай
Алтайский крайМалышев ЛосРоссия,Алтай
Алтайский крайВолчно-БурлинскоеРоссия,Алтай
Алтайский крайВасильчукиРоссия,Алтай
Алтайский крайКрасный ЯрРоссия,Алтай
Алтайский крайЛиствянкаРоссия,Алтай
Гуандун пров.ЧаочжоуКитай,Китай
Красноярский крайЛебяжьеРоссия,РФ
Алтайский крайАкимовкаРоссия,Алтай
"Алтайский крайБарнаул, Борзовая ЗаимкаРоссия",Барнаул
Алтай РеспТеленгит-СортогойРоссия,Республика
Алтайский крайБаюновские КлючиРоссия,Алтай
Иркутская облУсть-ИлимскРоссия,РФ
Алтайский крайОктябрьскийРоссия,Барнаул
Хэйлунцзян провинцияХарбинКитай,Китай
Иркутская облЗимаРоссия,РФ
Алтай РеспВерх-ЯбоганРоссия,Республика
Алтайский крайГуселетовоРоссия,Алтай
Алтайский крайТулатаРоссия,Алтай
Республика АлтайТобелерРоссия,Республика
"Жалал-Абад облЖалал-Абад, Сузак р, КомсомолКыр...",Кыргызстан
Восточно-Казахстанская областьШемонаихаКазахстан,Казахстан
Алтайский крайГоньбаРоссия,Барнаул
Алтайский крайТамбовскийРоссия,Алтай
Хатлонская облКургантюбаТаджикистан,Таджикистан
Алтайский крайГилевоРоссия,Алтай
Восточно-Казахстанская обл.ШемонаихаКазахстан,Казахстан
Ямало-Ненецкий АОСалехардРоссия,РФ
Алтайский крайГальбштадтРоссия,Алтай
Ямало-Ненецкий АОНовый УренгойРоссия,РФ
Лебапская обл.ТуременабатТуркменистан,Туркменистан
Алтайский крайПолевоеРоссия,Алтай
Алтай РеспМаймаРоссия,Республика
Алтайский крайКостин ЛогРоссия,Алтай
Новосибирская областьМасляниноРоссия,РФ
Алтайский крайВерх-НеняРоссия,Алтай
Алтайский карйБарнаулРоссия,Барнаул
Алтайский крайСараиРоссия,Алтай
Алтайский крайКрасноярыРоссия,Алтай
Алтайский крайПовалихаРоссия,Алтай
"Алтайский крайБарнаул, ПригородныйРоссия",Барнаул
"Алтайский крайБарнаул, ЧерницкРоссия",Барнаул
Алтайский крайИльинкаРоссия,Алтай
Алтайский крайЧаузовоРоссия,Алтай
Восточно-Казахстанская областьРиддерКазахстан,Казахстан
Алтайский крайСтарокопыловоРоссия,Алтай
Алтайский крайКолываньРоссия,Алтай
Алтайский крайУстьянкаРоссия,Алтай
Алтайский крайШахиРоссия,Алтай
Жалал-Абадская облЖергеталРоссия,Кыргызстан
Амурская областьБуреягтРоссия,Алтай
Алтайский крайКостин ЛосРоссия,Алтай
Алтайский крайпПобедимРоссия,Алтай
Алтайский крайШульгинкаРоссия,Алтай
Алтайский крайБарнаул ЛебяжьеРоссия,Барнаул
Алтай РеспЧибиляРоссия,Республика
Алтайский крайКазенная ЗаимкаРоссия,Барнаул
Алтайский крайЛокотьРоссия,Алтай
Омская облОмскРоссия,РФ
Курская облКурскРоссия,РФ
Алтайский крайРогозихаРоссия,Алтай
Алтайский крайСтан-БехтемирРоссия,Алтай
Алтайский крайЧесноковоРоссия,Алтай
Алтайский крайЯготиноРоссия,Алтай
Алтайский карйАлександровкаРоссия,Алтай
Алтайский крайПервомайскийРоссия,Алтай
Республика АлтайУсть-КоксаРоссия,Республика
Алтайский крайНовокормихаРоссия,Алтай
Алтайский крайКоротоякРоссия,Алтай
Алтайский крайКрестьянкаРоссия,Алтай
Алтай респГорно-АлтайскРоссия,Горно-Алтайск
Алтайский крайБорзовая ЗаимкаРоссия,Барнаул
Ямало-Ненецкий АОНоябрьскРоссия,РФ
Алматинская областьТекелиКазахстан,Казахстан
ГБАОНавободТаджикистан,Таджикистан
Алтайский крайБарнаул ЦентральныйРоссия,Барнаул
Алтайский крайКурочкиноРоссия,Алтай
Восточно-Казахстанская облВыдрихаКазахстан,Казахстан
Алтайский крайсКашкарагаихаРоссия,Алтай
Кемеровская областьКемеровоРоссия,РФ
Алтайский крайУсть-ГавриловкаРоссия,Алтай
Хэйлунцзян провинцияСуйхуаКитай,Китай
Алтайский крайБарнаул Казенная заимкаРоссия,Барнаул
Алтайский крайБольшепанюшевоРоссия,Алтай
Алтайский крайСтарая СуртайкаРоссия,Алтай
В-Казахстанская обл.Усть-КаменогорскКазахстан,Казахстан
Алтайский крайКалистратихаРоссия,Алтай
"Алтайский крайБарнаул, Казенная ЗаимкаРоссия",Барнаул
Алтайский крайНовотырышкиноРоссия,Алтай
провинция ЛяонинДальяньКитай,Китай
Алтайский крайКалиновкаРоссия,Алтай
Алтайский край ГорнякРоссия,Алтай
Алтайский крайСеверныйРоссия,Алтай
Алтайский крайПуштулимРоссия,Алтай
ВКОСемейКазахстан,Казахстан
ВКОКамышинкаКазахстан,Казахстан
Алтайский крайБарнаул СанниковоРоссия,Барнаул
Алтайский крайКубанкаРоссия,Алтай
Ляонин провинцияКитайКитай,Китай
Алтайский крайНижний КучукРоссия,Алтай
Восточно-КазахстанскаяУсть-ТаловкаКазахстан,Казахстан
Алтай РеспЧаган-УзунРоссия,Республика
Мурманская областьСевероморскРоссия,РФ
Новосибирская облМышланкаРоссия,РФ
Алтайский крайОгниРоссия,Алтай
Алтайский крайБорисовоРоссия,Алтай
Алтайский крайУсть-КозлухаРоссия,Алтай
Алтайский крайЗаводскоеРоссия,Алтай
Алтайский крайгБарнаулРоссия,Барнаул
Алтайский крайсКрасногорскоеРоссия,Алтай
Алтайский крайМичуринскоеРоссия,Алтай
Восточно-Казахстанская обл.Усть-КаменогорскРоссия,Казахстан
Алтайский крайсЕнисейскоеРоссия,Алтай
Кемеровская областьМеждуреченскРоссия,РФ
Алтайский крайсКлючиРоссия,Алтай
Алтай РеспОгневкаРоссия,Республика
Восточно-КазахстанскаяСемейРоссия,Казахстан
Алтайский крайКоролевскийРоссия,Алтай
Алтайский крайпНовые ЗориРоссия,Алтай
г. БарнаулБарнаулРоссия,Барнаул
"Алтайский крайБарнаул, ПлодопитомникРоссия",Барнаул
Алтайский крайКачусовоРоссия,Алтай
Республика АлтайБарагашРоссия,Республика
Чеченская РеспубликаЧернокозовоРоссия,РФ
Алтайский крайГоноховоРоссия,Алтай
провинция ХэйлунцзянХэганКитай,Китай
Кемеровская облМеталлурговРоссия,РФ
Республика АлтайУсть-КанРоссия,Республика
Алтайский крайНовобурановоРоссия,Алтай
Алтайский крайПлешковоРоссия,Алтай
провинция СычуаньБачжунКитай,Китай
Алтайский крайЛаптев ЛосРоссия,Алтай
Кемеровская областьКиселевскРоссия,РФ
Республика АлтайЖана-АулРоссия,Республика
Алтайский крБарнаулРоссия,Барнаул
Республика ТываБора-ТайгаРоссия,РФ
Алтайский крайУспенкаРоссия,Алтай
Алтайский крайБуланихатРоссия,Алтай
Алтайский крайБарнаул ПригородныйРоссия,Барнаул
Алайский крайБийскРоссия,Бийск
Алтайский крайИстимисРоссия,Алтай
В-КАЗАХСТАНСКАЯ ОБЛАСТЬШемонаихаКазахстан,Казахстан
Алтайский край БлаговещенкаРоссия,Алтай
Восточно-Казахстанская областьУсть- Каменогорс...,Казахстан
Алтайский крайНовояркиРоссия,Алтай
Хэбэй провинцияХаньданьКитай,Китай
Новосибирская областьКочкиРоссия,РФ
Алтайский крайрпБлаговещенкаРоссия,Алтай
Алтайский крайТопольноеРоссия,Алтай
В-Казахстанская обл.СемейРоссия,Казахстан
Алтайский крайКиприноРоссия,Алтай
Алтайский крайСанниковаРоссия,Алтай
Алтайский крайПоспелихинскийРоссия,Алтай
Жалал-Абадская облСузакКыргызстан,Кыргызстан
Алтайский крайСмирновоРоссия,Алтай
Ошская облЖоошКыргызстан,Кыргызстан
Алтайский крайКамень-на ОбиРоссия,Камень-на-Оби
"Алтайский крайБарнаул, ГоньбаРоссия",Барнаул
Алтай РеспУсть-КанРоссия,Республика
Алтайский крайим КалининаРоссия,Алтай
Алтайский крайЛаричихаРоссия,Алтай
Алматинская областьЕсикКазахстан,Казахстан
РязанскаяСасовоРоссия,РФ
Алтайский крайСуеткаРоссия,Алтай
Алтайский крайТугозвоновоРоссия,Алтай
Алтайский крайСтолбовоРоссия,Алтай
Алтайский крайПервокаменкаРоссия,Алтай
Алтайский крайТумановоРоссия,Алтай
"Ляонин провинцияДунган, БэйцзинцзыКитай",Китай
Алтайский крайпЗаряРоссия,Алтай
Алтайский крайВавилонРоссия,Алтай
"Алтайский край, Барнаул гБарнаулРоссия",Барнаул
Алтай респЧояРоссия,Республика
Республика АлтайПодгорноеРоссия,Республика
Алтайский крайДружбаРоссия,Алтай
Алтайский крайСадовыйРоссия,Алтай
Алтайский крайКоробейниковоРоссия,Алтай
Алтайский крайТягунРоссия,Алтай
Чукотский АОАнадырьРоссия,РФ
Алтайский крайВоеводскоеРоссия,Алтай
Ямало-Ненецкий АОТолькаРоссия,РФ
Алтайский крайГорьковскоеРоссия,Алтай
Алтай РеспПаспулРоссия,Республика
Республика БашкортостанБелорецкРоссия,РФ
Согдийская облИсфараТаджикистан,Таджикистан
Ямало-Ненецкий АОПурпеРоссия,РФ
Алтай РеспТобелерРоссия,Республика
Гуандун пров.ГуанчжоуКитай,Китай
ХэйлунцзянМуданьцзянКитай,Китай
Алтайский крайРыбноеРоссия,Алтай
Согдийская облМайкотаТаджикистан,Таджикистан
"Алтайский крайБарнаул, НаучныйородокРоссия",Барнаул
Алтайский крайВерх-КамышенкаРоссия,Алтай
Алтайский крайУкраинскийРоссия,Алтай
Павлодарская обл.АксуКазахстан,Казахстан
Восточно-Казахстанская обл.МаркакольКазахстан,Казахстан
Кемеровская областьЮргаРоссия,РФ
Алтайский крайБоровоеРоссия,Алтай
Томская областьСеверскРоссия,РФ
АО ЧукотскийсЛаврентияРоссия,РФ
Алтайский крайЮдихаРоссия,Алтай
Алтайский крайКрасногорское cРоссия,Алтай
Алтайский крайМалый БащелакРоссия,Алтай
Алтайский крайсКосихаКазахстан,Казахстан
"Алтайский крайБарнаул, Казенная Заимка,Россия",Барнаул
Новосибирская облНовопокровкаРоссия,РФ
Республика АлтайОнгудайРоссия,Республика
Алайский крайНовоалтайскРоссия,Новоалтайск
Республика Саха /Якутия/ЯкутскРоссия,РФ
Алтайский крайГилев-ЛогРоссия,Алтай
Алтайский крайБареаулРоссия,Барнаул
Алтайский крайсКрасный ЯрРоссия,Алтай
Алтайский крайПодсосновоРоссия,Алтай
Восточно-Казахстанская областьКанонеркаКазахстан,Казахстан
Восточно-Казахстанская обл.Усть-КаменогорскКаз...,Казахстан
Алтайский крайМалиновое озероРоссия,Алтай
Согдийская областьХуджандТаджикистан,Таджикистан
Свердловская облНевьянскРоссия,РФ
Республика АлтайТеньгаРоссия,Республика
Алтайский крайСросткиРоссия,Алтай
Алтайский крайСолоновкаРоссия,Алтай
ГБАОМиденшорТаджикистан,Таджикистан
Новосибирская областьСузунРоссия,РФ
Республика АлтайСоузгаРоссия,Республика
Цзилинь провинцияСыпинКитай,Китай
Жалал-Абадская облСузакРоссия,Кыргызстан
Алтайский крайУсть-КажаРоссия,Алтай
Алтайский крайЛуговскоеРоссия,Алтай
Алтайский крайХуторкиРоссия,Алтай
Алтайский крайСтаробелокурихаРоссия,Алтай
Алтайский крайЧистоозеркаРоссия,Алтай
Казыбекбийский р-нКарагандаКазахстан,Казахстан
Красноярский крайСосновоборскРоссия,РФ
Алтайский крайКрасноармейскийРоссия,РФ
Алтайский крайУрлаповоРоссия,Алтай
Новосибирская облБолотноеРоссия,РФ
Алтайский крайНовая МихайловкаРоссия,Алтай
Алтайский крайХмелевкаРоссия,Алтай
Алтайский крайРедкая ДубраваРоссия,Алтай
Алтайский крайКраснодубровскийРоссия,Алтай
Алтайский крайПрутскойРоссия,Алтай
Жалал-Абадская областьМайлуу-СууКыргызстан,Кыргызстан
"Хайнань провЦюнхай, ЦзяцзиКитай",Китай
Алтайский крайКраснознаменкаРоссия,Алтай
Алтай РеспАкташРоссия,Республика
Хатлонская облСарбандТаджикистан,Таджикистан
"Джалал-АбадскаяТаш-Кумыр, Шамалды-СайКыргызстан",Кыргызстан
Алтайский крайВерх-СуеткаРоссия,Алтай
Сычуань провинцияБарнаулКитай,Китай
Алтайский крайПещеркаРоссия,Алтай
Алтайский крайгЗаринскРоссия,Заринск
Алтайский крайСвердловскоеРоссия,Алтай
Алтайский крайМарушкаРоссия,Алтай
Алтайский крайМалаховоРоссия,Алтай
Алтайский крайКоминтернРоссия,Алтай
Алтайский крайШебалиноРоссия,Алтай
Жалал-АбадскаяМайрамканКыргызстан,Кыргызстан
Алтайский крайКарабинкаРоссия,Алтай
Алтайский крайКрасный ПартизанРоссия,Алтай
Жалал-Абадская обл.Майлуу-сууКыргызстан,Кыргызстан
Хайнань пров.ХайкоуКитай,Китай
Чуйская обл.СретенкаКыргызстан,Кыргызстан
Магаданская ОблМагаданРоссия,РФ
Алтайский крайМирныйРоссия,Алтай
Алтайский крайСмоленскийРоссия,Алтай
Алтайский крайОреховоРоссия,Алтай
Восточно-Казахстанская облНовая БухтармаКазахстан,Казахстан
Алтайский крайБерезка терРоссия,Алтай
Алтайский крайИняРоссия,Алтай
ХатлонскаяНурекТаджикистан,Таджикистан
Алтайский крайМаловолчанкаРоссия,Алтай
Алтайский крайНижняя СуеткаРоссия,Алтай
Алтайский крайУсятскоеРоссия,Алтай
Желал-Абадская облМайлуу-СууКыргызстан,Кыргызстан
Алтай РеспДмитриевкаРоссия,Республика
Алматинская областьТеректиКазахстан,Казахстан
Алтайский крайСамаркаРоссия,Алтай
Алтайский крайНечунаевоРоссия,Алтай
Шаньдун провинцияЛиньфэньКитай,Китай
Чуйская обл.КошойКыргызстан,Кыргызстан
Баткенская областьИсфанаКыргызстан,Кыргызстан
Алтайский край Верх-ОзерноеРоссия,Алтай
Алтайский крайВерх-КучукРоссия,Алтай
Республика АлтайЯбоганРоссия,Республика
Алтайский крайСветлоозерскоеРоссия,Алтай
Тыва РеспШагонарРоссия,РФ
Алтайский крайГришковкаРоссия,Алтай
Алтайский крайМаточныйРоссия,Алтай
Алтайский крайЖуравлихаРоссия,Алтай
Кемеровская областьЗимник дРоссия,РФ
Алтайский крайНовопокровкаРоссия,Алтай
Кемеровская областьЛенинск-КузнецкийРоссия,РФ
Алтайский крайКотляровкаРоссия,Алтай
Алтайский крайЦелинныйРоссия,Алтай
Алтайский крайКлепиковоРоссия,Алтай
Кемеровская облТисульРоссия,РФ
пров. ХэйлунцзянМулинКитай,Китай
Алтайский крайПарфеновоРоссия,Алтай
Алтайский крайСоветский ПутьРоссия,Алтай
Алтайский крайКурлекРоссия,Алтай
Алтайский крайБ-КлючиРоссия,Алтай
Алтай РеспБерезовкаРоссия,Республика
Алтайский крайБеловскийРоссия,Алтай
Алтайский крайСафоновкаРоссия,Алтай
Алтайский крайсБаюновские КлючиРоссия,Алтай
Новосибирская облБезменовотРоссия,РФ
Алтайский крайФакелоциализмаРоссия,Алтай
Горно Бадахшанская АОС/С ПоршеневТаджикистан,Таджикистан
Алтайский крайУсть-ПорозихаРоссия,Алтай
Алтайский крайСитниковРоссия,Алтай
Алтайский крайказарма 519 кмРоссия,Алтай
Тыва РеспИльинкаРоссия,РФ
Кемеровская облМыскиРоссия,РФ
Алтайский крайТоуракРоссия,Алтай
Алтайский крайПодойниковоРоссия,Алтай
Алтайский крайНеводноеРоссия,Алтай
Алтай РеспУсть-Кокса cРоссия,Республика
Республика АлтайБалыкчаРоссия,Республика
Красноярский крайУжурСолнечныйРоссия,РФ
Алтайский крайСоколовоРоссия,Алтай
Алтайский крайЛуковкаРоссия,Алтай
Алтайский крайпоСибирскийРоссия,Алтай
Алтайский крайВидоновоРоссия,Алтай
Алтайский крайБрусенцевоРоссия,Алтай
Московская облБуньковоРоссия,РФ
Алтайский крайБоронскийРоссия,Алтай
Алтай РеспЭликманарРоссия,Республика
Алтай РеспЭлекмонарРоссия,Республика
Алтайский крайКорниловоРоссия,Алтай
Московская облББуньковоРоссия,РФ
Павлодарская облЭкибастузКазахстан,Казахстан
Московская облМоскваРоссия,РФ
Алтайский крайМирабилитРоссия,Алтай
Камчатский крайПионерскийРоссия,РФ
Алтай респУлаганРоссия,Республика
Алтайский крайПрослаухаРоссия,Алтай
Москва гЗеленоградРоссия,РФ
Алтайский крайКоловый мысРоссия,Алтай
Алтайский крайШатуновоРоссия,Алтай
"Алтайский крайГ Барнаул, 184, 58Россия",Барнаул
Алтайский крайУрывкиРоссия,Алтай
Алтайский крайШульгин ЛогРоссия,Алтай
Алтайский крайОрловоРоссия,Алтай
Алтай РеспИогачРоссия,Республика
Алтайский крайЗакладноеРоссия,Алтай
Алтайский крайРечкуновоРоссия,Алтай
Алтайский крайГрязновоРоссия,Алтай
Алтайский крайСайдыпРоссия,Алтай
Алтайский крайпоКомсомольскийРоссия,Алтай
Алтайский крайАлександровкаРоссия,Алтай
Алтайский крайСафроновоРоссия,Алтай
Магаданская облПалаткаРоссия,РФ
Жалал-Абадская облБургандыКыргызстан,Кыргызстан
Алтайский крайПолковниковоРоссия,Алтай
Павлодарская облПавлодарРоссия,Казахстан
Алтайский крайПетрушихаРоссия,Алтай
Удмуртская респХохрякиРоссия,РФ
Кемеровская облКиселевскРоссия,РФ
Хатлонская обл.-Таджикистан,Таджикистан
Алтайский крайБеловоРоссия,Алтай
Алтайский крайУрюпиноРоссия,Алтай
Алтайский крайУсть-МосихаРоссия,Алтай
Алтайский крайПорожнееРоссия,Алтай
Алтайский крайЛоговскойРоссия,Алтай
Алтайский крайМногоозерныйРоссия,Алтай
Алтайский крайГорныйРоссия,Алтай
Алтайский крайНовоугловскийРоссия,Алтай
Алтайский крайЖуланихаРоссия,Алтай
Алтайский крайНовая ТарабаРоссия,Алтай
ХэбэйХаньданьКитай,Китай
Алтайский крайТитовкаРоссия,Алтай
Алтайский крайКабаковоРоссия,Алтай
Алтайский крайСарасаРоссия,Алтай
Алтайский крайЧеремушкиноРоссия,Алтай
Алтайский крайКурьяРоссия,Алтай
Цзилинь провинцияЧанчуньКитай,Китай
Алтайский крайИвановкаРоссия,Алтай
НарынскаяКазыбекКыргызстан,Кыргызстан
г МоскваМоскваРоссия,РФ
Алтайский крайВерх-ПайваРоссия,Алтай
Алтайский крайУсть-КормихаРоссия,Алтай
Восточно-Казахстанская обл.РиддерКазахстан,Казахстан
Алтайский крайХайрюзовкаРоссия,Алтай
В-Казахстанская обл.ДолоньКазахстан,Казахстан
Алтайский крайГолышевоРоссия,Алтай
Алтайский крайЛиневскийРоссия,Алтай
Саха /Якутия/ РеспЧернышевскийРоссия,РФ
Кемеровская облКисилевскРоссия,РФ
ВКОУсть-КаменогорскРоссия,Казахстан
Алтайский крайКашиноРоссия,Алтай
провинция ХайнаньВэньчанКитай,Китай
Саха (Якутия) РеспСангарРоссия,РФ
Алтайский крайНовалтайскРоссия,Алтай
Ферганская облМаргиланУзбекистан,Узбекистан
Алтайский крайСухая ЧемровкаРоссия,Алтай
Алтайский карйЧистюнькаРоссия,Алтай
Алтайский краСибирскийРоссия,Алтай
Республика АлтайКурайРоссия,Республика
Алтайский крайЗиминоРоссия,Алтай
Кемеровская областьМыскиРоссия,РФ
Тыва РеспТээлиРоссия,РФ
Иркутская областьИркутскРоссия,РФ
Алтайский крайМалоугреневоРоссия,Алтай
Алтайский крайпосУсть -КатуньРоссия,Алтай
Чеченская РеспубликаРошни-ЧуРоссия,РФ
Алматинская облУштобеКазахстан,Казахстан
Алтайский крайБуянРоссия,Алтай
ВКОРиддерКазахстан,Казахстан
Алтайский крайСтепное озероРоссия,Алтай
Алтайский крайБарановкаРоссия,Алтай
Кемеровская областьБольшая ТалдаРоссия,РФ
Тыва РеспСамагалтайРоссия,РФ
Алтайский крайКлочкиРоссия,Алтай
Алтайский крайБ-ЕнисейскоеРоссия,Алтай
Республика ХакасияАбаканРоссия,РФ
Ляонин провинцияДаляньКитай,Китай
Жалал-Абадская облМайлуу-СууКыргызстан,Кыргызстан
Кемеровская областьПрокопьевскРоссия,РФ
Алтайский крайУрожайныйРоссия,Алтай
Северо-Казахстанская облПетрапавловскКазахстан,Казахстан
Камчатский крайВилючинскРоссия,РФ
Жалал-Абад облКумуш-АзисКыргызстан,Кыргызстан
Кемеровская облКемеровоРоссия,РФ
Хайнань провКитайКитай,Китай
Алтайский крайСело УрлаповоРоссия,Алтай
Республика АлтайНовый БельтирРоссия,Республика
Тверская облОзерныйгтРоссия,РФ
Республика Саха /Якутия/ПеледуйРоссия,РФ
Северо-Казахстанская облПетропавловскКазахстан,Казахстан
Алтайский крайКарамышевоРоссия,Алтай
Алтайский крайКуячаРоссия,Алтай
Алтайский крайНовопесчаноеРоссия,Алтай
Хатлонская обл.БудинободТаджикистан,Таджикистан
"Жалал-Абадская облаил Таш-Булак,ело ЫнтымакКыр...",Кыргызстан
В-Казахстанская обл.гУсть-КаменогорскКазахстан,Казахстан
Восточно-Казахстанская облСугатовкаКазахстан,Казахстан
Ярославская облЯрославльРоссия,РФ
Тыва РеспСарыг-СепРоссия,РФ
Алтайский крайХлеборобРоссия,Алтай
Алтайский крайВелижанкаРоссия,Алтай
Алтайский крайТюменьРоссия,РФ
Алтайский крайЕгорьевскийРоссия,Алтай
Алтайский крайМакаровоРоссия,Алтай
Алтайский крайБарнаул ВласихаРоссия,Барнаул
Алтайский крайАкуловоРоссия,Алтай
Алтай РеспПаспартаРоссия,Республика
Алтайский крайАрбузовкаРоссия,Алтай
Хатлонская облШиринбулокТаджикистан,Таджикистан
Челябинская облЗлатоустРоссия,РФ
Алтайский крайСверчковоРоссия,Алтай
Алтайский крайКузьминкаРоссия,Алтай
Хакасия РеспАскизРоссия,РФ
"Алтайский крайБарнаул, НовосиликатныйРоссия",Барнаул
Ляонин провинцияИнкоуКитай,Китай
Новосибирская облНовый ШарадРоссия,РФ
Алтайский крайайТочильноеРоссия,Алтай
Алтайский крайПлотниковоРоссия,Алтай
Павлодарская облКоныр-ОзекКазахстан,Казахстан
Алтайский крайпосБорихаРоссия,Алтай
Алтайский крайМартовкаРоссия,Алтай
Алтайский крайЩебнюхаРоссия,Алтай
Восточно-Казахстанская облСемейТуркменистан,Туркменистан
Хатлонская обл.ДушанбеТаджикистан,Таджикистан
Алтайский крайСелекционноеРоссия,Алтай
Новосибирская облСузунРоссия,РФ
Иссык-Кульская облКайырма-АрыкКыргызстан,Кыргызстан
Сычуань провинцияНаньчунКитай,Китай
Чуйская облТокмокКыргызстан,Кыргызстан
Алтайский крайПрудскойРоссия,Алтай
Республика АлтайКаярлыкРоссия,Республика
Алтайский крайБеспаловскийРоссия,Алтай
Алтайский крайсКосихаРоссия,Алтай
Кемеровская областьАнжеро-СудженскРоссия,РФ
Хатлонская облДушанбеТаджикистан,Таджикистан
"Восточно-Казахстанская облСемей, ЗападныйКазах...",Казахстан
Алтайский крайЗеленый ДолРоссия,Алтай
Алтай РеспгГорно-АлтайскРоссия,Горно-Алтайск
Павлодарская облДмитриевкаКазахстан,Казахстан
Алтай РеспГорбуновоРоссия,Республика
Алтайский крайсВолчихаРоссия,Алтай
Алайский крайКраснощековоРоссия,Алтай
Алтайский крайУкраинкаРоссия,Алтай
Алтай РеспАртыбашРоссия,Республика
Алтайский край3 ИнтернационалРоссия,Алтай
Алтайский крайКатуньРоссия,Алтай
Алтайский крайКучукРоссия,Алтай
Алтайский крайСеверкаРоссия,Алтай
Республика АлтайКебезеньРоссия,Республика
Челябинская облМиассРоссия,РФ
ГБАОПастхуфТаджикистан,Таджикистан
Алтайский крайГорно-АлтайскРоссия,Горно-Алтайск
Алтайский крайЗагайново рздРоссия,Алтай
Новосибирская областьЧерепановоРоссия,РФ
"Алтайский крайБарнаул,ЮжныйРоссия",Барнаул
Алтайский крайДолинскоеРоссия,Алтай
Алтайский крайКарпово второеРоссия,Алтай
Алтайский крайПесьянкаРоссия,Алтай
Алтай РеспОроктойРоссия,Республика
Алтайский крайМеждуреченскРоссия,Алтай
Республика АлтайЯконурРоссия,Республика
Алтайский крайМаральи РожкиРоссия,Алтай
Алтайский крайШипуново(Российского/с)Россия,Алтай
Алтайский крайУльяновскийРоссия,Алтай
Алтайский крайМуравейРоссия,Алтай
Алтайский крайС БорисовоРоссия,Алтай
Алтайский крайКрасноярскоеРоссия,Алтай
Алтайский крайим МамонтоваРоссия,Алтай
Алтайский крайСунгайРоссия,Алтай
Ямало-Ненецкий АОТазовскийРоссия,РФ
Павлодарская облПавловкаКазахстан,Казахстан
Алтай РеспСоузгаРоссия,Республика
Свердловская облНижняя ТураРоссия,РФ
провинция ХайнаньСаньяКитай,Китай
Алтайский крайНижнеозерноеРоссия,Алтай
Алтайский крайСтарая ЧемровкаРоссия,Алтай
Восточно-Казахстанская облАстанаКазахстан,Казахстан
Алтайский крайРаздольноеРоссия,Алтай
Алтайский крайКулундинскийРоссия,Алтай
Алтайский крайТалицаРоссия,Алтай
Алайский крайКамень-на-ОбиРоссия,Камень-на-Оби
Омская облБарнаулРоссия,РФ
Республика АлтайКатандаРоссия,Республика
Алтайский крайС БурлаРоссия,Алтай
Алтайский крайВерх-ОбскийРоссия,Алтай
Алтайский крайМельниковоРоссия,Алтай
"Алтайский крайБарнаул, Затон мкрРоссия",Барнаул
Алтайский крайсКалманкаРоссия,Алтай
Новосибирская облБердскРоссия,РФ
Республика АлтайКарлушкаРоссия,Республика
Тыва РеспБарнаулРоссия,РФ
Алтайский крайВоздвиженкаРоссия,Алтай
"Восточно-Казахстанская облСемей, ВосточныйРоссия",Казахстан
Алтайский крайНовоалейскоеРоссия,Алтай
Алтайский крайрпМалиновое озероРоссия,Алтай
Алтайский крайНовоманошкиноРоссия,Алтай
алтайский крайЗудиловоРоссия,Алтай
Восточно-Казахстанская облАлтайРоссия,Казахстан
"Алтайский крайГ Барнаул,Россия",Барнаул
Лебапская облБерекетТуркменистан,Туркменистан
Согдийская областьПенджекентТаджикистан,Таджикистан
Саха /Якутия/ РеспЗырянкаРоссия,РФ
Алтайский крайВерх-ЖилиноРоссия,Алтай
ВКОШимонаихаКазахстан,Казахстан
Алтайский крайАсРоссия,Алтай
Алтайский крайПлотаваРоссия,Алтай
Алтайский крайОстровноеРоссия,Алтай
Алтайский крайКашкарагаихаРоссия,Алтай
Башкортостан РеспИшимбайРоссия,РФ
Восточно-Казахстанская облСемипалатинскКазахстан,Казахстан
пров. ЛяолинШеньянКитай,Китай
"Алтайский крайБарнаул,Россия",Барнаул
Кемеровская облМеталлплощадкаРоссия,РФ
В-Казахстанская обл.СКамышинкаКазахстан,Казахстан
Алтайский крайВоронихаРоссия,Алтай
Кемеровская областьБеловоРоссия,РФ
Алтай РеспЯконурРоссия,Республика
Алтайский крайсБезрукавкаРоссия,Алтай
Алтайский крайВысокая ГриваРоссия,Алтай
Восточно-Казахстанская облЖесткентРоссия,Казахстан
Алтай РеспТеректаРоссия,Республика
Алтайский крайсБоровихаРоссия,Алтай
Хакасия РеспЧерногорскРоссия,РФ
Респ АлтайТобелерРоссия,Республика
Алтайский крайПесчаноеРоссия,Алтай
В-Казахстанская облСемейРоссия,Казахстан
Алтайский крайНовозыряновоРоссия,Алтай
Алтайский крайЗападный УголРоссия,Алтай
Кемеровская областьКрасная ОрловкаРоссия,РФ
"Алтайский крайБарнаул, ЛеснойРоссия",Барнаул
Алтайский крайТатьяновкаРоссия,Алтай
ВКОВолчанкаКазахстан,Казахстан
Ханты-Мансийский Автономный округ - Югра АОСур...,РФ
пров. ХэбэйЧжанцзякоуКитай,Китай
Новосибирская областьЛиневоРоссия,РФ
Алтай РеспТондошкаРоссия,Республика
Алтайский край ДумчевоРоссия,Алтай
Республика АлтайТопучаяРоссия,Республика
Алтайский крайВеселоярскРоссия,Алтай
Шаньдун провинцияЦиндаоКитай,Китай
Алтайский крайЗнаменкаРоссия,Алтай
"Алтайский крайСлавгород, СлавгородскоеРоссия",Славгород
Алтайский крайДолинкаРоссия,Алтай
Республика АлтайОгневкаРоссия,Республика
Казахстан респУсть-КаменогорскРоссия,Казахстан
Иссык-КульскаяКараколКыргызстан,Кыргызстан
Республика АлтайКаяшканРоссия,Республика
Алтайский крайНовоалтайск НовыйРоссия,Новоалтайск
Республика АлтайЧемалРоссия,Республика
Жалал-Абадская обл.сАтайКыргызстан,Кыргызстан
Кемеровская областьШабановоРоссия,РФ
Алтайский крайпоНовохарьковкаРоссия,Алтай
Ошская областьОшКыргызстан,Кыргызстан
Алтайский крайБарнаул Б ЗаимкаРоссия,Барнаул
В-КазахстанскаяСемейКазахстан,Казахстан
Чжэцзян провинцияШансинКитай,Китай
Алтайский крайСело ГоньбаРоссия,Барнаул
Жалал-Абад облЛенинаКыргызстан,Кыргызстан
провинция ХунаньЧэньчжоуРоссия,Китай
Алтайский крайПономаревоРоссия,Алтай
Хэбэй провинцияЧэндэКитай,Китай
Алтайский крайМарковкаРоссия,Алтай
Алтайский крайЯновоРоссия,Алтай
Республика ТываКызылРоссия,РФ
Алтайский крайсАлтайскоеРоссия,Алтай
В-Казахстанская облСемейКазахстан,Казахстан
Ханты-Мансийский АОНижневартовскРоссия,РФ
Ляонин провинцияДаляньородКитай,Китай
Согдийская областьЧкаловскТаджикистан,Таджикистан
Хатлонская облКулябаТаджикистан,Таджикистан
Хатлонская облСомониТаджикистан,Таджикистан
Республика Саха /Якутия/УдачныйРоссия,РФ
Саха /Якутия/ РеспБаранулРоссия,РФ
пров. ХэйлунцзянХарбинКитай,Китай
Алтайский крайсБурлаРоссия,Алтай
Алтайский крайгБелокурихаРоссия,Алтай
Алтайский крайБарнаул ЛеснойРоссия,Барнаул
Алтай РеспШыргайтаРоссия,Республика
Саха Респ (Якутия)УдачныйРоссия,РФ
ЧорякаронпоМехрабодТаджикистан,Таджикистан
Алтайский крайпоСолнечныйРоссия,Алтай
Алтайский крайБорихаРоссия,Алтай
Алтайский крайБарчихаРоссия,Алтай
АлматинскаяТалдыкорганКазахстан,Казахстан
Алтайский крайсавловскРоссия,Алтай
Алтайский крайКраснояркаРоссия,Алтай
Согдийская облШайдонТаджикистан,Таджикистан
Восточно-Казахстанская обл.Усть-ТаловкаКазахстан,Казахстан
Кемеровская областьКалтанРоссия,Алтай
Горно-Бадахшанская АОХорогТаджикистан,Таджикистан
Алтайский крайРедккая ДубраваРоссия,Алтай
Алтайский крайДальнийРоссия,Алтай
Алтай РеспКурайРоссия,Республика
Алтайский крайр-н ВолчихинскийРоссия,Алтай
Республика ТываХову-АксыРоссия,РФ
Алтайский крайНовоивановкаРоссия,Алтай
Алтайский крайВячеславкаРоссия,Алтай
Ошская областьКызыл-Сецгир АКыргызстан,Кыргызстан
Алтайский крайсГоноховоРоссия,Алтай
Алтайский крайПригородноеРоссия,Алтай
Алтайский крайМартыновоРоссия,Алтай
Алтайский крайсГлубокоеРоссия,Алтай
Алтайский крайКаяушкаРоссия,Алтай
Уйгурская АОУрумчиКитай,Китай
Респ КыргыстанТаш-КумырКыргызстан,Кыргызстан
Алтайский крайСветлоеРоссия,Алтай
Кемеровская облТаштаголРоссия,РФ
Алтайский крайТаловкаРоссия,Алтай
Тыва респШагонарРоссия,РФ
Павлодарская обл.ЭкибастузКазахстан,Казахстан
Алтайский крайПодборныйРоссия,Алтай
Карагандинская облКарагандаКазахстан,Казахстан
Цзилинь провинцияГунчжулинКитай,Китай
Алтайский крайБарнаул НовомихайловкаРоссия,Барнаул
ХэйлунцзянЦзямусыКитай,Китай
Алтайский крайНижняя ПетровкаРоссия,Алтай
Алтайский крайЯсная ПолянаРоссия,Алтай
Алтай РеспБеляшиРоссия,Республика
Иркутская областьБратскРоссия,РФ
Алматинская облКоктобеКазахстан,Казахстан
Восточно-Казахстанская облШемонаикаКазахстан,Казахстан
Алтайский крайТушканихаРоссия,Алтай
Республика ТываАк-ДовуракРоссия,РФ
Алтайский крайКазачийРоссия,Алтай
Согдийская облХуджандТаджикистан,Таджикистан
Иссык-Кульская обл.БалбайКыргызстан,Кыргызстан
Коми РеспИнтаРоссия,РФ
Алтайский крайВостровоРоссия,Алтай
Алтайский крайБурановкаРоссия,Алтай
Алтайский крайАндреевкаРоссия,Алтай
Алтай респАкташРоссия,Республика
Акмолинская облКокшетауКазахстан,Казахстан
Алтайский крайбАРНАУЛРоссия,Барнаул
В-Казахстанская облБарнаулКазахстан,Казахстан
Приморский крайШкотовогтРоссия,РФ
Алтайский крайсЗалесовоРоссия,Алтай
Алтайский крайГлядень-1Россия,Алтай
Алтайский крайЛобанихаРоссия,Алтай
Алтайский крайНовороссийскийРоссия,Алтай
Алтайский крайФилипповскийРоссия,Алтай
Алтайский крайТабуны 658860Россия,Алтай
Алтайский крайТрусовоРоссия,Алтай
"Восточно-Казахстанская облСемей, МукурКазахстан",Казахстан
Алтайский крайПлоскоеРоссия,Алтай
Красноярский крайЖелезногорскРоссия,РФ
Кемеровская облКалтанРоссия,РФ
Алтай РеспУсть-МуныРоссия,Республика
Алтайский крайЗолотухаРоссия,Алтай
Алтайский крайЛоговскоеРоссия,Алтай
Алтайский крайТележихаРоссия,Алтай
Алтай РеспСаратанРоссия,Республика
Иркутская облАртемовскийРоссия,РФ
Алтайский крайПанкрушихатРоссия,Алтай
Алтайский крайРучьевоРоссия,Алтай
Алтайский крайКамень-на- ОбиРоссия,Камень-на-Оби
Томская облТомскРоссия,РФ
Алтайский крайКирейРоссия,Алтай
Алтайский крайпоОктябрьскийРоссия,Барнаул
Хэйлунцзян провинцияТунцзянородскойКитай,Китай
Алтайский крайТальменский районРоссия,Алтай
Алтайский крайВерх-СлюдянкаРоссия,Алтай
Алтайский крайКуйбышевоРоссия,Алтай
Алтайский крайЧернавкаРоссия,Алтай
ХэйлунцзянЦзисиКитай,Китай
Омская областьОмскРоссия,РФ
ВКОгСемейКазахстан,Казахстан
Алтайский крайПаутовоРоссия,Алтай
Алтайский крайПервые КоростелиРоссия,Алтай
Жалал-Абадская облБлаговещенкаКыргызстан,Кыргызстан
Алтайский крайБарнаулЯгодноеРоссия,Барнаул
Алтайский крайЛоктевскийРоссия,Алтай
Ленинабадская облСуфиенТаджикистан,Таджикистан
Западно-Казахстанская облУральскКазахстан,Казахстан
Республика Саха /Якутия/НерюнгриРоссия,РФ
Алтайский крайСЗалесовоРоссия,Алтай
Алтайский крайХорошееРоссия,Алтай
Алтайский крайВасильевкаРоссия,Алтай
Алтайский крайсЗональноеРоссия,Алтай
В-КАЗАХСТАНСКАЯ ОБЛАСТЬГлубокоеКазахстан,Казахстан
Сахалинская областьНевельскРоссия,РФ
Алтайский крайЛебяжье БарнаулРоссия,Барнаул
г Санкт-ПетербургСанкт-ПетербургРоссия,РФ
Алтайский крайсдт Заря терРоссия,Алтай
Алтайский крайТягунтРоссия,Алтай
Алтайский крайАлейскийРоссия,Алейск
Восточно-Кзахстанская облСемейКазахстан,Казахстан
ГБАОДж Г ШахбозовТаджикистан,Таджикистан
Алтайский крайсБобровкаРоссия,Алтай
Алтайский крайУсть-ВолчихаРоссия,Алтай
Восточно-Казахстанская обл.Усть-КаменогоскКаза...,Казахстан
Бурятия РеспГусиноозерскРоссия,РФ
Алматинская облТекелиКазахстан,Казахстан
Алматинская областьКошмамбетКазахстан,Казахстан
Алтайский крайЕкатериновкаРоссия,Алтай
Республика АлтайУсть-МуныРоссия,Республика
Томская областьСтрежевойРоссия,РФ
Воронежская облСлободаРоссия,РФ
Алтайский крСмоленскоеРоссия,Алтай
Новосибирская областьВерх-СузунРоссия,РФ
"Алтайский крайБарнаул, СеверныйроездРоссия",Барнаул
Восточно-Казахстанская облКазахстанКазахстан,Казахстан
пров. ХэйлунцзянЧжаочжоуКитай,Китай
Алтайский крайпМирныйРоссия,Алтай
Ханты-Мансийский Автономный округ - Югра АОНиж...,РФ
Алтайский крайсБарановкаРоссия,Алтай
Восточно-Казахстанская облОпытноеолеКазахстан,Казахстан
Алтайский крайЛитвиновкаРоссия,Алтай
Красноярский крайАчинскРоссия,
Восточно-Казахстанская облУсть-КаменгогорскКаз...,Казахстан
Синьцзян провинцияКашкарКитай,Китай
Республика АлтайБийкаРоссия,Республика
Республика АлтайТюдралаРоссия,Республика
ГуандунБарнаулКитай,Китай
Алтай РеспБашталаРоссия,Республика
Согдийская обл.ИстаравшанТаджикистан,Таджикистан
Алтайский крайНовокопыловоРоссия,Алтай
Алтайский крайБор-ФорпостРоссия,Алтай
Карагандинская облАхметКазахстан,Казахстан
Саха /Якутия/ РеспАйхалРоссия,РФ
Алтай РеспЯбоганРоссия,Республика
Алтай РеспГорно-алтайскРоссия,Горно-Алтайск
Республика АлтайЯйлюРоссия,Республика
Алтайский крайКарповскийРоссия,Алтай
Новосибирская областьПятилеткаРоссия,РФ
Ляонин провинцияШуфуньКитай,Китай
Карагандинская облШахтинскКазахстан,Казахстан
Алтайский крайпосКраснояркаРоссия,Алтай
Ханты-Мансийский АОУрайРоссия,РФ
Алтайский крайЕнисейскоеРоссия,Алтай
Восточно-Кзахстанская облУшановоКазахстан,Казахстан
Алтайский крайКамышиРоссия,Алтай
Алтайский крайБрагиноРоссия,Алтай
Кемеровская областьОсинникиРоссия,РФ
Алтайский крайОзимаятРоссия,Алтай
Восточно-Казахстанская областьРассыпноеКазахстан,Казахстан
Алтай РеспКызыл-ОзекРоссия,Республика
Новосибирская облПоповкаРоссия,РФ
Алтайский крайСЕЛООРОЧИЙ-лОГРоссия,Алтай
Алтайский крайТокаревоРоссия,Алтай
Восточно-Кзахстанская облРиддерКазахстан,Казахстан
Алтайский крайНовозыковоРоссия,Алтай
Алтайский крайПУрожайныйРоссия,Алтай
Красноярский крайд КарловкаРоссия,РФ
Московкая облМоскваРоссия,РФ
Хэйлунцзян провинцияИчуньКитай,Китай
Алтайский крайКаменушкаРоссия,Алтай
Алтайский крайСБоровихаРоссия,Алтай
Московская облМытищиРоссия,РФ
ГБАОХосаТаджикистан,Таджикистан
Новосибирская областьСавкиноРоссия,РФ
Алтайский крайПриобскоеРоссия,Алтай
Согдийская обл.КанибадамТаджикистан,Таджикистан
Нарына КазыбекКыргызстан,Кыргызстан
Алтайский крайСЕльцовкаРоссия,Алтай
В-Казахстанская облРиддерКазахстан,Казахстан
Алтайский крайХабарский р-нРоссия,РФ
Ляонин провинцияШэньянКитай,Китай
Новосибирская облКлючикиРоссия,РФ
Алтайский крайсБуянРоссия,Алтай
Мангистауская облУмирзак АктауКазахстан,Казахстан
Забайкальский крайЧараРоссия,РФ
Алтайский краБийскРоссия,Бийск
Хатлонская облТаджикистанТаджикистан,Таджикистан
Горно-Бадахшанская АоблХорогТаджикистан,Таджикистан
Ханты-Мансийский Автономный округ - Югра АОРад...,РФ
"Алтайский крайСлавгород, ЕкатериновкаРоссия",Славгород
Свердловская областьЕкатеринбургРоссия,
Алтайский крайНаумовоРоссия,Алтай
В-Казахстанская обл.Уба-ФорпостКазахстан,Казахстан
Восточно-Казахстанская областьМалеевскКазахстан,Казахстан
Алтайский крайКлепечихаРоссия,Алтай
уезд ЧжунсяньЧунцинКитай,Китай
Алтайский крайРодинскийРоссия,Алтай
Алтайский крайВосточныйРоссия,Алтай
Восточно-Казахстанская областьОктябрьскийКазах...,Казахстан
"Алтайский крайБарнаул, ЦентральныйРоссия",Барнаул
Алтайский крайНовофирсовоРоссия,Барнаул
Иркутская облЗалариРоссия,РФ
Алтайский крайОрлеанРоссия,Алтай
Алтайский крайМакарьевкаРоссия,Алтай
Алтайский крайБелояровкаРоссия,Алтай
Алтайский крайНовиковоРоссия,Алтай
Алтайский крайВерх-БехтемирРоссия,Алтай
Хакасия РеспАбаканРоссия,РФ
Алтайский крайЕкатерининскоеРоссия,Алтай
В-Казахстанская облОктябрьскийКазахстан,Казахстан
Алтайский крайРоссошиРоссия,Алтай
Хатлонская облГаллаобод джамоатТаджикистан,Таджикистан
Ямало-Ненецкий АОТарко-СалеРоссия,РФ
Алтайский крайСоловьихаРоссия,Алтай
Алтайский крайБелоглазовоРоссия,Алтай
Тюменская областьТобольскРоссия,РФ
Алтайский крайГ БарнаулРоссия,Барнаул
"Алтайский крайЛебяжье, БарнаулРоссия",Барнаул
Алтайский крайВознесенкаРоссия,Алтай
Алтайский крайКаипРоссия,Алтай
Алтайский крайТроицкийРоссия,Алтай
Челябинская облМагнитогорскРоссия,РФ
Алтайский крайПетровкаРоссия,Алтай
Алтайский крайБыстрянкаРоссия,Алтай
ГБАОХорогТаджикистан,Таджикистан
Кемеровская облОсинникиРоссия,РФ
Алтайский крайМашенкаРоссия,Алтай
Алтайский крайПерешеечныйРоссия,Алтай
Синьцзян провинцияИнинКитай,Китай
Жалал-Абадская облЖаны-ЖерКыргызстан,Кыргызстан
Алтайский крайСоболиРоссия,Алтай
Алтайский крайСуворовкаРоссия,Алтай
Алтайский крайГлубокоеРоссия,Алтай
провинция ГаньсуЦзиньчанКитай,Китай
Алтай РеспКурундаРоссия,Республика
Алтай РеспМультаРоссия,Республика
Алтайский крайБарнаул улРоссия,Барнаул
Республика АлтайСугашРоссия,Республика
Республика АлтайБеляшиРоссия,Республика
Тыва РеспБай-ХаакРоссия,РФ
Алтай РеспАмурРоссия,Республика
Алтайский крайВерх-ОзерноеРоссия,Алтай
Тыва РеспКаа-ХемгтРоссия,РФ
Алтайский крайМоховскоеРоссия,Алтай
Алтайский крайРожнев ЛосРоссия,Алтай
Алтайский крайОзеро-КрасиловоРоссия,Алтай
Алтайский крайОзеро-ПетровскоеРоссия,Алтай
Хэйлунцзян провинцияЦицикарКитай,Китай
Хэйбэй провинцияТаншаньКитай,Китай
Алтайский крайЮжныйРоссия,Барнаул
Алтайский крайНововознесенкаРоссия,Алтай
Магаданская областьДебинРоссия,РФ
Красноярский крайДудинкаРоссия,РФ
Алтайский крайКоменданткаРоссия,Алтай
Алтайский крайТополинский лесхозРоссия,Алтай
Алтай респМаймаРоссия,Республика
Восточно-КазахстанскаяРиддерКазахстан,Казахстан
Алтайский крайНикольскРоссия,Алтай
Алтайский крайНикольскоеРоссия,Алтай
Хунань провинцияСянсиКитай,Китай
Кемеровская областьСалаирРоссия,РФ
Алтайский краяБарнаулРоссия,Барнаул
Алтайски крайМалиновое ОзероРоссия,Алтай
Кемеровская областьТаштаголРоссия,РФ
Республика АлтайМараловодкаРоссия,Республика
Кемеровская облЛенинск-КузнецкийРоссия,РФ
Алтайский крайСусловоРоссия,Алтай
Восточно-Казахстанская облАуэзоваКазахстан,Казахстан
Алтайский крайпЛиневскийРоссия,Алтай
Гуандун пров.ЧжанцзянКитай,Китай
Кемеровская облСалаирРоссия,РФ
ВКОШемонаихаКазахстан,Казахстан
Цзянсу провинцияУсиКитай,Китай
Новосибирская областьКарасукРоссия,РФ
Алтайский крайТулайРоссия,Алтай
Алтайский крайСтепноеРоссия,Алтай
"Алтайский крайр-н Ребрихинский,РебрихаРоссия",Алтай
Алтайский крайВласихаРоссия,Барнаул
Араратская обл.ДжрашенАрмения,Армения
Алтайский крайНовониколаевкаРоссия,Алтай
Новосибирская областьМочище дпРоссия,РФ
Алматинская облЧапаевоКазахстан,Казахстан
Новосибирская облЧерновкаРоссия,РФ
Республика АлтайБоочиРоссия,Республика
Алтайский крайЗлатопольРоссия,Алтай
Республика Саха /Якутия/АлданРоссия,РФ
Алтайский крайДолганкаРоссия,Алтай
Алтайский крайКраснодарскоеРоссия,Алтай
Республика АлтайУсть-КумирРоссия,Республика
Алтайский крайгНовоалтайскРоссия,Новоалтайск
Алтайский крайПартизанскоеРоссия,Алтай
"Омская облОмск, Крутая Горка м-нРоссия",РФ
Цзянси пров.ШаньчжаоКитай,Китай
Саха /Якутия/ РеспЛенскРоссия,РФ
ГуандунМаоминКитай,Китай
Восточно-Казахстанская облБородулихаКазахстан,Казахстан
Алтай РеспсБирюляРоссия,Республика
Алтайский крайСпетноеРоссия,Алтай
Алтайский крайГБарнаулРоссия,Барнаул
провинция ЛяонинЦзиньчжоуКитай,Китай
Восточно-Казахстанская облпоУсть-ТаловкаКазахстан,Казахстан
Алтайский крайБарнааулРоссия,Барнаул
Алтайский крайсАяРоссия,Алтай
"Алтайский крайБарнаул, ОктябрьскийРоссия",Барнаул
Алтайский крайУгловскийРоссия,Алтай
ХэйлунцзянФуцзиньКитай,Китай
Новосибирская облКарасукРоссия,РФ
Алтайский крайАнтипиноРоссия,Алтай
Алтайский крайТальменкагтРоссия,Алтай
Восточно-Казахстанская областьКурчатовКазахстан,Казахстан
Алтайский крайВ-СуеткаРоссия,Алтай
Алтайский крРубцовскРоссия,Рубцовск
Восточно-КазахстанскаяСемейКазахстан,Казахстан
Кемеровская облгКемеровоРоссия,РФ
пров. ХэбэйТаншаньКитай,Китай
Тульская облТула ЮжныйРоссия,РФ
Республика АлтайМалая ЧергаРоссия,Республика
Горно-Бадахшанская облХорогТаджикистан,Таджикистан
Алтайский крайКурскРоссия,Алтай
Алтайский крайБобковоРоссия,Алтай
Алтайский крайКарповоРоссия,Алтай
Алтайский крайсВерх-ОзерноеРоссия,Алтай
Жалал-Абад облТаш-КумырКыргызстан,Кыргызстан
Алматинская облШелекКазахстан,Казахстан
Алтайский крайНовополтаваРоссия,Алтай
Восточно-Казахстанская облБерезовкаКазахстан,Казахстан
Хайнань пров.ДаньчжоуКитай,Китай
Алтайский крайНикольскийРоссия,Алтай
Республика АлтайВерх-МутаРоссия,Республика
Иркутская облУсть-КутРоссия,РФ
Хатлонская облпгт ДангараТаджикистан,Таджикистан
пров. СиньцзянУцзяцюйКитай,Китай
"Алтайский крайБарнаул,Борзовая Заимка,Россия",Барнаул
Хатлонская облпоНавзамин УмедТаджикистан,Таджикистан
Алтайский крайМайоркаРоссия,Алтай
Аньхой провинцияКитайКитай,Китай
Алтайский крайОзерноеРоссия,Алтай
Алтайский крайПоперечноеРоссия,Алтай
ШохмансурДушанбеТаджикистан,Таджикистан
Алайский крайЯровоеРоссия,Алтай
Восточно-КазахстанскаяУсть-КаменогорскКазахстан,Казахстан
Тверская облОзерныйРоссия,РФ
Алтайский край10 лет ОктябряРоссия,Алтай
Республика АлтайЧаган-УзунРоссия,Республика
Алтай РеспЧерный АнуйРоссия,Республика
Алтайский крайНово-ТырышкиноРоссия,Алтай
Алтайский крайВерх-ЯминскоеРоссия,Алтай
Ляонин провинцияФушуньКитай,Китай
Алтайский крайсСоусканихаРоссия,Алтай
Алматинская облЕсикКазахстан,Казахстан
Алтайский крайПрыганкаРоссия,Алтай
Восточно-Казахстанская областьЖезкентКазахстан,Казахстан
пров. ЦзилиньНунъаньКитай,Китай
СычуаньСычуаньКитай,Китай
Алтайский крайБольшой КалтайРоссия,Алтай
"Алтайский крайБарнаул, Лесная ПолянаРоссия",Барнаул
Цзилинь провинцияВанцинКитай,Китай
Цзилинь провинцияЦзилиньКитай,Китай
Республика АлтайТеректаРоссия,Республика
Алайский крайПавловскРоссия,РФ
Алтайский крайНовотроицкРоссия,Алтай
Алтай РеспТалдаРоссия,Республика
Алтайский крайПобедаРоссия,Алтай
Алтайский крайПаклиноРоссия,Алтай
Хэйлунцзян провинцияЧитайхэКитай,Китай
Чеченская РеспубликаАлхан-КалаРоссия,РФ
Алтайский крайГорно-АлтайскеРоссия,Горно-Алтайск
Тыва респКызылРоссия,РФ
Забайкальский крайЧитаРоссия,РФ
Сахалинская областьШахтерскРоссия,РФ
Донецкая облДонецкУкраина,Украина
Республика БурятияСеверобайкальскРоссия,РФ
ХакасияпКопьевоРоссия,РФ
Алтайский крайЗаряРоссия,Алтай
Тыва РеспСукпакРоссия,РФ
Новосибирская областьИскитимРоссия,РФ
"Алтайский крайБарнаул,посЮжныйРоссия",Барнаул
Алтайский крайСамсоновоРоссия,Алтай
"Алтайский крайБарнаул, Борзовая ЗаимкаРоссия",Барнаул
Алтай РеспсБалыхчаРоссия,Республика
Республика АлтайОртолыкРоссия,Республика
Алтайский крайДолговоРоссия,Алтай
Алтайский крайГородецкийРоссия,Алтай
Алтай РеспЯзулаРоссия,Республика
"Алтайский крайБарнаул, Научный ГородокРоссия",Барнаул
Челябинская областьКаслиРоссия,РФ
ХатлонскаяКургантюбеТаджикистан,Таджикистан
Хатлонская облХуррамзаминТаджикистан,Таджикистан
Алтайский крайКокшиРоссия,Алтай
Алтайский крайКызылтуРоссия,Алтай
Жалал-Абадская обл.Майла-СууКыргызстан,Кыргызстан
Алтайский крайКолпаковоРоссия,Алтай
Красноярский крайКанскРоссия,РФ
Красноярский крайКараулРоссия,РФ
Казахстан РеспАлматыКазахстан,Казахстан
Алтайский крайДмитро-ТитовоРоссия,Алтай
Восточно-Казахстанская облКурчатовРоссия,Казахстан
Хатлонская облФайзободТаджикистан,Таджикистан
Алтайский крайТальменкарРоссия,Алтай
Краснодарский крайАрмавирРоссия,РФ
Алтайский крайРечнойРоссия,Алтай
Алтайский крайбарнаул ЮжныйРоссия,Барнаул
пров. ХэйлунцзянХэганКитай,Китай
Республика ТываИльинкаРоссия,РФ
Алтайский крайТретьяковоРоссия,Алтай
Алтайский крайОвсянниковоРоссия,Алтай
Алтайский крайУсть-ЧарышРоссия,Алтай
Шэньси провинцияСяньянКитай,Китай
Красноярский крайШилаРоссия,РФ
Республика АлтайАюлаРоссия,Республика
Алайский крайЛесноеРоссия,Алтай
Алтайский крайАрбузовкатРоссия,Алтай
Новосибирская областьБезменовотРоссия,РФ
Алтайский крайУсть-АнуйРоссия,Алтай
Алтайский крайЧервовоРоссия,Алтай
Красноярский крайМинусинскРоссия,РФ
пров. ЦзилиньЦзилиньКитай,Китай
Алтай РеспКарлушкаРоссия,Республика
В-Казахстанская облЗайсанКазахстан,Казахстан
Алайский крайЛуговоеРоссия,РФ
Алтайский крайУсть - ПристаньРоссия,Алтай
Алтайский крайсГилевоРоссия,Алтай
Красноярский крайСосноборскРоссия,РФ
Краснодарский крайСочиРоссия,РФ
Республика КрымФеодосияРоссия,РФ
ВКОЗыряновскКазахстан,Казахстан
Ханты-Мансийский Автономный округ - Югра АОНеф...,РФ
Восточно-Казахстанская облБольшая РечкаКыргызстан,Казахстан
Алтайский крайНовоплотовоРоссия,Алтай
Новосибирская облКольцовоРоссия,РФ
Республика БурятияУлан-УдэРоссия,РФ
Согдийская обл.ШайдонТаджикистан,Таджикистан
Алтайский крайГолухатРоссия,Алтай
Республика ТываКаа-ХемгтРоссия,РФ
Аньхуй провинцияЛуАньКитай,Китай
Алтайский крайСтароперуновоРоссия,Алтай
Алтайский крайгЗмеиногорскРоссия,Алтай
Алматинская облШамалгантКазахстан,Казахстан
Ханты-Мансийский АО - ЮграНижнесортымскийРоссия,РФ
Алтайский крайГолухаРоссия,Алтай
Чарей МарастунНангарханАфганистан,Афганистан
Алтайский крайВолгаРоссия,Алтай
Новосибирская областьКуйбышевРоссия,РФ
Ляонин провинцияТелинКитай,Китай
Ямало-Ненецкий АОУренгойРоссия,РФ
Республика АлтайБалыктуюльРоссия,Республика
Алтайский крайСузопРоссия,Алтай
Алтай РеспПолеводкаРоссия,Республика
Сахалинская облПионерыРоссия,РФ
Ошская облКуриабКыргызстан,Кыргызстан
Алтайский крайНовообинкаРоссия,Алтай
Алтайский крайС ПравдаРоссия,Алтай
Таласская обл.АшанбаеваКыргызстан,Кыргызстан
Алтайский крайНовоандреевкаРоссия,Алтай
Ханты-Мансийский Автономный округ - Югра АОНиж...,РФ
Алтайский крайТаскаевоРоссия,Алтай
пров. ХэйлунцзянЦинъаньКитай,Китай
Алтайский крайГришиноРоссия,Алтай
Ямало-Ненецкий АОЛабытнангиРоссия,РФ
Провинция Цзилинь СыпинЦзилинь СыпинКитай,Китай
Алтайский крайпоМногопольныйРоссия,Алтай
Республика АлтайАкташРоссия,Республика
Алматинская облЖетыгенКазахстан,Казахстан
Республика АлтайЧерный АнуйРоссия,Республика
В-Казахстанская обл.ШемонаихаКазахстан,Казахстан
Тыва РеспАк-ДовуракРоссия,РФ
Алтайский крайпВолгаРоссия,Алтай
Алтайский крайЗеленыйРоссия,Алтай
Алтайский крайПереясловкаРоссия,Алтай
Гуандун пров.КайпинКитай,Китай
"Алтайский крайБарнаул, Лесной домРоссия",Барнаул
Алайский крайСтепное ОзероРоссия,Алтай
Чувашская РеспКанашРоссия,РФ
Республика БурятияСеверобайкальскорРоссия,РФ
Алтайский крайИм МамонтоваРоссия,Алтай
Алтайский крайУдальноеРоссия,Алтай
Восточно-Казахстанская облБерезовскийКазахстан,Казахстан
пров. ХэйлунцзянТунхэКитай,Китай
Кемеровская облПолысаевоРоссия,РФ
Алтайский крайУсть-алейкаРоссия,Алтай
Алтайский крайПригородныйРоссия,Барнаул
Провинция ЦзянсуТайсинКитай,Китай
Алтайский крайСмазневоРоссия,Алтай
"Алтайский крайБарнаул, Сибирская долинаРоссия",Барнаул
Алтайский крайТайнаРоссия,Алтай
Алтай РеспсБалыктуюльРоссия,Республика
Ставропольский крайГеоргиевскРоссия,РФ
Респ АлтайГорно-алтайскРоссия,Горно-Алтайск
Алтайский крайСетовкаРоссия,Алтай
Алтайский крайНовосибирскРоссия,Алтай
"Алтайский крайБарнаул, СадоводовРоссия",Барнаул
ЛяонинТелинКитай,Китай
Алтайский крайИльичаРоссия,Алтай
Восточно-Казахстанская облВеселовкаКазахстан,Казахстан
Алтайский крайВерх-АнуйскоеРоссия,Алтай
Республика АлтайН-УймонРоссия,Республика
"ХатлонскаяпоНавзамин, УмедТаджикистан",Таджикистан
Алтайский крайВерх-МарушкаРоссия,Алтай
Республика АлтайМультаРоссия,Республика
Новосибирская облЛиневоРоссия,РФ
Алтайский крайБарнаулРоссия,Барнаул
Алтай РеспсБеш ОзекРоссия,Республика
Алтайский крайСЗаковряшиноРоссия,Алтай
Алтайский крайсБаталовоРоссия,Алтай
Республика АлтайЧибитРоссия,Республика
пров ХэйлунцзянФуцзиньКитай,Китай
Алтайский крайС ТроицкоеРоссия,Алтай
Аньхой провинцияТунлинКитай,Китай
Алтайский крайсКраснощековоРоссия,Алтай
Красноярский крайгСеверо-ЕнисейскийРоссия,РФ
Красноярский крайШарыповоРоссия,РФ
Алтайский крайШумилихаРоссия,Алтай
Иркутская областьАнгарскРоссия,РФ
Республика АлтайКамлакРоссия,Республика
Алтайский крайЦентральныйРоссия,Барнаул
Алтайский крайЗагайновоРоссия,Алтай
Алтайский крайКостин-ЛогРоссия,Алтай
"Алтайский крайБарнаул,елок ЦентральныйРоссия",Барнаул
Хатлонская обл.ОбикиикТаджикистан,Таджикистан
Хэйлунцзян провинцияНэньцзянКитай,Китай
Алтайский крайПолеводкаРоссия,Алтай
Восточно - Казахстан обл.Усть - СталовкаКазахстан,Казахстан
Дагестан респСултанянгиюрт cРоссия,РФ
Алтайский крайайСтаробелокурихаРоссия,Алтай
"Согдийская областьИсфара, ВорухТаджикистан",Таджикистан
Алтайский крайРыбное Каменского районаРоссия,Алтай
Алтайский крайБанаулРоссия,Барнаул
Алтайский крайЗеленая ДубраваРоссия,Алтай
Алтайский крайНовокамышенкаРоссия,Алтай
Ысык-КульскаяАк-ТерекКыргызстан,Кыргызстан
Алтай РеспЧепошРоссия,Республика
Восточно-Кзахстанская облУсть-КаменогорскКазах...,Казахстан
Гиссарский р-нГулханиТаджикистан,Таджикистан
Алтайский крайпоАлтайРоссия,Алтай
Алтайский крайБарнаул ЦентральныйРоссия,Барнаул
Алтайский крайОвечкинотРоссия,Алтай
Алтайский крайПановоРоссия,Алтай
Алтайский крайАнуйскоеРоссия,Алтай
Алтайский крайрпСтепное ОзероРоссия,Алтай
Алтайский крайТабуыРоссия,Алтай
Республика АлтайАмурРоссия,Республика
В-Казахстанская обл.сВерх-УбаКазахстан,Казахстан
Алтай РеспСейкаРоссия,Республика
ГуандунЦинъюаньКитай,Китай
пров. ХубэйИчанКитай,Китай
Волгоградская областьКамышинРоссия,РФ
Костанайская облАлматыКазахстан,Казахстан
Андижанская облПахтаабадУзбекистан,Узбекистан
Согдийская облПенджикентТаджикистан,Таджикистан
Алтайский крайгАлейскРоссия,Алейск
Алтайский крайСтепнной КучукРоссия,Алтай
Алтайский крайАнаньевкаРоссия,Алтай
Алтайский крайсКалмыцкие МысыРоссия,Алтай
Сахалинская облНевельскРоссия,РФ
Новосибирская областьБаганРоссия,РФ
Хатлонская обл.Джамоат РудакиРоссия,Таджикистан
Алтайский крайЕрмачихаРоссия,Алтай
пров. ЛяонинШэньянКитай,Китай
Томская областьМолчановоРоссия,РФ
Тыва респСаглыРоссия,РФ
Алматинская облАлматыКазахстан,Казахстан
Краснодарский крайСтаровеличковскаят-цаРоссия,РФ
Алтайский крайВетренно-ТелеутскоеРоссия,Алтай
Алтай РеспСугашРоссия,Республика
"Алтайский крайБарнаул, Фирсово Слобода 2Россия",Барнаул
Алтайский крайУрожайноеРоссия,Алтай
Восточно-Казахстанская обл.КурчатовКазахстан,Казахстан
"Алтайский крайБарнаул , ЮжныйРоссия",Барнаул
Алтайский крайОмутнаяРоссия,Алтай
Алтайский крайС ПотеряевкаРоссия,Алтай
Красноярский крайСолнечныйРоссия,РФ
Тюменская облБерезово ПГТРоссия,РФ
Алтайский крайБерезовая ГоркаРоссия,Алтай
Хатлонская облВахшТаджикистан,Таджикистан
Жалал-Абадская обл.Как-ЖангакКыргызстан,Кыргызстан
Хатлонская обл.ШахритусТаджикистан,Таджикистан
Тюменская облТобольскРоссия,РФ
Ошская облАраван АКыргызстан,Кыргызстан
Жалал-Абадская облКалмак-КырчынКыргызстан,Кыргызстан
Костанайская облРудныйКазахстан,Казахстан
Восточно-Казахстанская облДмитриевкаКазахстан,Казахстан
Павлодарская облКонстантиновкаКазахстан,Казахстан
Ташкентская облпосПятилеткаУзбекистан,Узбекистан
Ошская облОшКыргызстан,Кыргызстан
Иркутская областьУсть-ИлимскРоссия,РФ
Алтайский крайНовознаменкаРоссия,Алтай
Таласская облБейшекеКыргызстан,Кыргызстан
АньХуй провинцияЛуАньРоссия,Китай
пров. ХэнаньПуянКитай,Китай
Алтайский крайсРебрихаРоссия,Алтай
Краснодарский крайНовороссийскРоссия,РФ
Алматинская обл19 километр дачный массивКазахстан,Казахстан
"Алтайский крайЮжный, БарнаулРоссия",Барнаул
Алтайский крайЮжный БарнаулРоссия,Барнаул
Алтайский крайМышкиноРоссия,Алтай
Алтайский крайГусиная ЛягаРоссия,Алтай
Алтайский крайПсопелихаРоссия,Алтай
"Алтайский крайБарнаул,Борзовая заимкаРоссия",Барнаул
Алтайский крайСеребропольРоссия,Алтай
Тыва РеспКундустугРоссия,РФ
Алтайский крайКорчиноРоссия,Алтай
Кемеровская облЛиствянкаРоссия,РФ
Алтайский крайТяхтаРоссия,Алтай
Алтайский крайОмутскоеРоссия,Алтай
Восточно-Казахстанская облТеректыКазахстан,Казахстан
Республика АлтайПаспартаРоссия,Республика
ШаньдунЦзинаньКитай,Китай
пров. ГуандунХэюаньКитай,Китай
Аньхой провинцияАньцинКитай,Китай
Забайкальский крайКраснокаменскРоссия,РФ
Санкт-Петербург гСанкт-ПетербургРоссия,РФ
Белгородская областьЯковлевоРоссия,РФ
Республика АлтайОроктойРоссия,Республика
Алтайский крайКадниковоРоссия,Алтай
Алтайский крайКузнечихаРоссия,Алтай
Кемеровская облБарнаулРоссия,Барнаул
Алтай РеспЖана-АулРоссия,Республика
ВКОМирныйКазахстан,Казахстан
"Ляонин провинцияДалянь, Люйшунь р-нКитай",Китай
Новосибирская областьВерх-КоенРоссия,Алтай
Восточно-Кзахстанская облНово-ХайрузовкаКазахстан,Казахстан
Алтайский крайВерх-катунскоеРоссия,Алтай
Алтайский крайУсть-КатуньРоссия,Алтай
Алтайский крайКруглоеРоссия,Алтай
Восточно-Казахстанская облНовополяновкаКазахстан,Казахстан
Республика Саха /Якутия/МирныйРоссия,РФ
"Алтайский крайБарнаул, СибирскийРоссия",Барнаул
Восточно-КазахстанскаяГоркуновоКазахстан,Казахстан
Алматинская облТалдыкорганКазахстан,Казахстан
Алтайский крайВерх-ЧуманкаРоссия,Алтай
Алтайский крайНовоберезовкаРоссия,Алтай
Алтайский крайпосСолнечныйРоссия,Алтай
Алтайский крайУсковоРоссия,Алтай
Алтайский крайайПервомайскоеРоссия,Алтай
Гуандун пров.ЛяньчжоуКитай,Китай
Алтайский крайБлаговещеский р-нРоссия,Алтай
Алтайский крайАлександровскийРоссия,Алтай
Алтайский крайНижнекаянчаРоссия,Алтай
Алтайский крайМальцева КурьяРоссия,Алтай
Алтайский крайДумчевоРоссия,Алтай
Хатлонская обл.ДустиТаджикистан,Таджикистан
Алтайский крайр-н ЛоктевскийРоссия,Алтай
Алтайский крайБелоеРоссия,Алтай
В-Казахстанская обл.БескарагайРоссия,Казахстан
Восточно-Казахстанская облБородиноКазахстан,Казахстан
Алтайский крайайМакарьевкаРоссия,Алтай
Алтайский крайНижняя ГусихаРоссия,Алтай
Иссык-Кульская облБурма-СууКыргызстан,Кыргызстан
Алтайский крайВторая КаменкаРоссия,Алтай
Алайский крайШимолиноРоссия,Алтай
Алтайский крайрпТальменкаРоссия,Алтай
Алтайский крайШимолиноРоссия,Алтай
"Алтайский крайБарнаул,БельмесевоРоссия",Барнаул
пров. ХэнаньЮйчжоуКитай,Китай
Алтай РеспКаспаРоссия,Республика
Восточно-Казахстанская облБыструхаКазахстан,Казахстан
Томская облПодломскРоссия,РФ
"Алтайский крайБийск,ФоминскоеРоссия",Бийск
Алтайский крайРубцовскийРоссия,Рубцовск
Новосибирская обл.СузунРоссия,РФ
Хатлонская облМехнатободТаджикистан,Таджикистан
Республика ТываТоора-ХемРоссия,РФ
Алтайский крайШпагинотРоссия,Алтай
"Сицуань провинция, Цзань вэй уездХуапин дКитай",Китай
Тыва РеспМугур-АксыРоссия,РФ
Алтайский крайПоловинкиноРоссия,Алтай
Новосибирская облКраснообскелокРоссия,РФ
Алтайский крайПодстепноеРоссия,Алтай
пров. ЦзянсиЛиньчуаньКитай,Китай
Свердловская облЕкатеринбургРоссия,РФ
Алтайский крайРассказихаРоссия,Алтай
Хукумата облЧилипеппаТаджикистан,Таджикистан
Алтайский крайКазанцевоРоссия,Алтай
Республика АлтайМайминское/пРоссия,Республика
Восточно-Казахстанская областьНовая ШульбаКаза...,Казахстан
"Алтайский крайБарнаул, ПолзуноватРоссия",Барнаул
Ляонин провинцияЛаохуелокКитай,Китай
Алтайский крайМалышев ЛогРоссия,Алтай
Алтайский крайКрупскойРоссия,Алтай
Павлодарская обл.СольветкаКазахстан,Казахстан
Восточно-Казахстанская областьИвановкаКазахстан,Казахстан
Тыва РеспХандагайтыРоссия,РФ
Алтайский крайБыковоРоссия,Алтай
Республика АлтайИогачРоссия,Республика
Алтайский крайС КрасногородскоеРоссия,Алтай
Восточно-Кзахстанская облУсть-ТаловкаКазахстан,Казахстан
Кызылординская областькент Айтеке биКазахстан,Казахстан
Алтайсктй крайБерезовкаРоссия,Алтай
Кемеровская областьМалая СалаиркаРоссия,РФ
Республика АлтайЧибиляРоссия,Республика
"Алтайский край,БарнаулРоссия",Барнаул
провинция ХайнаньВаннинКитай,Китай
Ляонин провинцияХулудаоКитай,Китай
Алтайский крайСемено-КрасиловоРоссия,Алтай
Новосибирская областьЕвсинотРоссия,РФ
Алтайский крайБарнаул НовомихайловскаРоссия,Барнаул
Горно-Бадахшанская АОПоршиневТаджикистан,Таджикистан
Тыва РеспСайлыгРоссия,РФ
В-Казахстанская облКамышенкаКазахстан,Казахстан
Восточно-Казахстанская облЕрназарКазахстан,Казахстан
ВКОМамай БатырКазахстан,Казахстан
НаронскаяКара-БургонКыргызстан,Кыргызстан
Шаньдун провинцияВэйхайКитай,Китай
Республика ТываБай-ХаакРоссия,РФ
ЦзянсуНанкинКитай,Китай
Алтайский крайПесчаный БорокРоссия,Алтай
Хабаровский крайСергеевкаРоссия,РФ
Алтайский крайКарпово ВтороеРоссия,Алтай
КарагандинскаяТемиртауКазахстан,Казахстан
Алтайский крайМаякРоссия,Алтай
"Алтайский крайЦентральный, БарнаулРоссия",Барнаул
Жалал-Абадская облДжалал-АбадКыргызстан,Кыргызстан
ГуандунШаньтоуКитай,Китай
Восточно-Казахстанская облУсть-ПаловкаКазахстан,Казахстан
Алтайский крайСовпутьРоссия,Алтай
Алтайский крайЗеленый ЛусРоссия,Алтай
Алтайский крайСемилеткаРоссия,Алтай
Республика АлтайКокоряРоссия,Республика
пров. ШаньдунЦинчжоуКитай,Китай
Джалал-АбадскаяМайлуу-СууКыргызстан,Кыргызстан
ТаласАрашан АКыргызстан,Кыргызстан
Лебапская облТуркменабатТуркменистан,Туркменистан
ВКОКурчатовКазахстан,Казахстан
алтайский крайбарнаулРоссия,Барнаул
Алтайский крайЛютаевоРоссия,Алтай
Оренбургская областьОренбургРоссия,РФ
Алтайский крайТретьяковотРоссия,Алтай
Алтайский крайУсть-КутРоссия,Алтай
Республика АлтайЧергаРоссия,Республика
Алтайский крайсБор-КособулатРоссия,Алтай
Новосибирская областьКупиноРоссия,РФ
Павлодарская обл.Коныр ОзекРоссия,РФ
Алтайский крайКировскоеРоссия,Алтай
Алтайский крайДресвянкаРоссия,Алтай
Чукотский АОПровиденияРоссия,РФ
Алтайский крайЛушниковоРоссия,Алтай
Ханты-Мансийский АО - ЮграБелоярскийРоссия,РФ
Алтайский крайЗеленаяолянаРоссия,Алтай
Московская областьПодольскРоссия,РФ
Ташкентская облЭшонгузарУзбекистан,Узбекистан
Алтайский крайНовокалманкаРоссия,Алтай
Республика БашкортостанСтерлитамакРоссия,РФ
Алтайский крайгРубцовскРоссия,Рубцовск
Алтайский крайКрасные ОрлыРоссия,Алтай
Новосибирская облМасляниноРоссия,РФ
Алтайский крайайСузопРоссия,Алтай
Кемеровская облМалая СалаиркаРоссия,РФ
Новосибирская областьБердскРоссия,РФ
Алтайский крайГришенскоеРоссия,Алтай
Алтайский крайН-ЧемровкаРоссия,Алтай
Саха /Якутия/ РеспНерюнгриРоссия,РФ
Алтай РеспБалыкчаРоссия,Республика
Алтайский крайРМалиновое озероРоссия,Алтай
"Алтайский крайБарнаул, мкр ЗатонРоссия",Барнаул
Алтайский крайБийкаРоссия,Алтай
Республика ТываХандагайтыРоссия,РФ
Хайнань пров.ЦюнхайКитай,Китай
Восточно-Казахстанская облБольшая РечкаКазахстан,Казахстан
Алтайский крайСело ПанкрушихаРоссия,Алтай
пров. ЛяонинБэньсиКитай,Китай
Карагандинская обл.КарагандаКазахстан,Казахстан
Алайский крайГорнякРоссия,Алтай
Гуандун пров.МаоминКитай,Китай
провинция ЦзунциЧунцинКитай,Китай
Алайский крайАлтйскоеРоссия,Алтай
В-Казахстанская обл.ГеоргиевкаКазахстан,Казахстан
Чуй обл.Лебединовка аКыргызстан,Кыргызстан
Восточно-Казахстанская облКанонеркаКазахстан,Казахстан
Алтай РеспКискаРоссия,Республика
Алтайский крайФоминскоеРоссия,Алтай
Чуйская областьЧуйКыргызстан,Кыргызстан
Алтайский крайАзиноРоссия,Алтай
